map,index,startX,startY,goalX,goalY,time_AStar(ms),time_JPS(ms),open_AStar,open_JPS,closed_AStar,closed_JPS,pathLength_AStar,pathLength_JPS,optimalCost,memory_AStar(bytes),memory_JPS(bytes)
brc100d,0,317,154,316,153,8.722440,1.998250,7,3,2,2,1.4142,1.4142,1.4142,5308416,5308416
brc100d,1,312,289,313,290,5.153510,2.326910,7,2,2,2,1.4142,1.4142,1.4142,5308416,5308416
brc100d,2,139,244,139,247,4.865240,1.987520,11,4,4,2,3.0000,3.0000,3.0000,5308416,5308416
brc100d,3,64,210,63,207,4.943930,2.045250,13,2,6,3,3.4142,3.4142,3.4142,5308416,5308416
brc100d,4,291,227,294,228,4.975950,2.189770,13,5,6,3,3.4142,3.4142,3.4142,5308416,5308416
brc100d,5,240,254,242,255,5.342470,2.123560,8,3,4,3,2.4142,2.4142,2.4142,5308416,5308416
brc100d,6,322,153,325,153,4.959980,1.989950,11,3,4,2,3.0000,3.0000,3.0000,5308416,5308416
brc100d,7,163,303,161,302,4.810360,2.071350,8,2,4,3,2.4142,2.4142,2.4142,5308416,5308416
brc100d,8,159,378,157,376,5.321800,2.006300,7,2,3,2,2.8284,2.8284,2.8284,5308416,5308416
brc100d,9,429,275,429,274,5.339000,2.020540,7,2,2,2,1.0000,1.0000,1.0000,5308416,5308416
brc100d,10,304,254,301,251,4.691710,2.043430,14,2,4,2,4.2426,4.2426,4.2426,5308416,5308416
brc100d,11,290,182,293,188,4.882990,2.036250,23,5,13,3,7.2426,7.2426,7.2426,5308416,5308416
brc100d,12,271,184,266,182,4.935150,1.989080,17,4,11,4,5.8284,5.8284,5.8284,5308416,5308416
brc100d,13,60,214,67,215,3.518220,2.076740,24,3,14,3,7.4142,7.4142,7.4142,5308416,0
brc100d,14,274,228,277,224,2.878240,2.062800,20,5,8,4,5.2426,5.2426,5.2426,5308416,0
brc100d,15,220,254,219,258,2.859520,4.498320,15,5,8,3,4.4142,4.4142,4.4142,5308416,5308416
brc100d,16,276,289,283,287,3.087270,51.100340,25,5,18,4,7.8284,7.8284,7.8284,5308416,5308416
brc100d,17,311,188,310,192,2.855340,4.279730,15,3,8,3,4.4142,4.4142,4.4142,5308416,5308416
brc100d,18,289,219,291,212,2.707500,3.972780,27,3,18,3,7.8284,7.8284,7.8284,5308416,5308416
brc100d,19,281,286,281,280,2.701650,3.893790,17,3,7,2,6.0000,6.0000,6.0000,5308416,5308416
brc100d,20,329,187,331,179,2.733930,4.118410,30,5,21,3,8.8284,8.8284,8.8284,5308416,5308416
brc100d,21,226,269,216,266,2.834650,4.241650,43,4,19,3,11.2426,11.2426,11.2426,5308416,5308416
brc100d,22,135,343,130,351,2.752020,3.914060,33,1,23,3,10.0711,10.0711,10.0711,5308416,5308416
brc100d,23,235,324,242,315,2.710230,3.983790,39,5,16,4,11.8995,11.8995,11.8995,5308416,5308416
brc100d,24,362,196,354,193,2.749010,3.964040,33,6,18,4,9.2426,9.2426,9.2426,5308416,5308416
brc100d,25,128,282,122,288,2.747850,4.079260,27,4,7,3,8.4853,8.4853,8.4853,5308416,5308416
brc100d,26,145,245,149,235,2.928410,3.957250,46,6,21,4,11.6569,11.6569,11.6569,5308416,5308416
brc100d,27,187,286,192,292,2.788560,2.125570,27,6,12,6,8.0711,8.0711,8.0711,5308416,5308416
brc100d,28,277,178,272,171,2.733050,2.042510,30,5,18,3,9.0711,9.0711,9.0711,0,5308416
brc100d,29,284,282,294,280,2.733910,2.063790,32,3,18,3,10.8284,10.8284,10.8284,0,5308416
brc100d,30,221,323,208,323,4.484060,2.040280,31,4,14,2,13.0000,13.0000,13.0000,5308416,5308416
brc100d,31,392,268,380,261,4.760060,2.014370,44,10,18,8,14.8995,14.8995,14.8995,5308416,5308416
brc100d,32,319,282,311,291,4.903640,2.024000,39,2,16,3,12.3137,12.3137,12.3137,5308416,5308416
brc100d,33,228,291,234,302,4.755250,2.050700,39,4,22,3,13.4853,13.4853,13.4853,5308416,5308416
brc100d,34,339,162,331,171,4.672550,2.041290,39,9,16,7,12.3137,12.3137,12.3137,5308416,5308416
brc100d,35,162,301,161,315,4.833650,2.047070,40,3,28,3,14.4142,14.4142,14.4142,5308416,5308416
brc100d,36,337,223,324,225,4.999420,2.071680,37,4,21,3,13.8284,13.8284,13.8284,5308416,5308416
brc100d,37,235,329,234,316,39.678600,6.098960,27,2,26,4,13.4142,13.4142,13.4142,5308416,5312512
brc100d,38,288,217,285,228,2.755260,3.977780,29,5,14,5,12.2426,12.2426,12.2426,5308416,5308416
brc100d,39,116,273,105,277,2.777810,3.884340,41,7,26,7,12.6569,12.6569,12.6569,5308416,5308416
brc100d,40,332,198,316,197,2.822070,3.990380,37,4,32,6,17.2426,17.2426,17.2426,5308416,5308416
brc100d,41,107,316,122,321,2.799780,4.170880,53,2,63,6,19.0711,19.0711,19.6569,5308416,5308416
brc100d,42,244,320,231,311,2.762820,4.056170,51,6,22,5,16.7279,16.7279,16.7279,5308416,5308416
brc100d,43,340,191,338,174,2.877640,3.887810,43,8,42,4,17.8284,17.8284,17.8284,5308416,5308416
brc100d,44,346,202,354,217,2.873190,4.038230,56,7,32,6,18.3137,18.3137,18.3137,5308416,5308416
brc100d,45,227,287,214,276,2.726030,4.234750,55,7,32,6,17.5563,17.5563,17.5563,5308416,5308416
brc100d,46,101,226,114,237,2.704250,3.990780,56,3,45,8,18.7279,18.7279,19.3137,5308416,5308416
brc100d,47,114,266,101,256,2.817940,4.033360,55,7,26,8,17.1421,17.1421,17.1421,5308416,5308416
brc100d,48,204,304,188,300,2.736350,4.458790,45,5,25,5,17.6569,17.6569,17.6569,5308416,5308416
brc100d,49,223,286,235,271,3.113910,4.240710,63,7,31,5,19.9706,19.9706,19.9706,5308416,5308416
brc100d,50,377,237,360,221,2.770780,3.978530,71,10,32,8,23.6274,23.6274,23.6274,5308416,5308416
brc100d,51,63,277,54,257,2.874040,4.062060,70,3,49,4,23.7279,23.7279,23.7279,5308416,5308416
brc100d,52,298,236,280,241,2.758100,4.040230,65,5,49,5,20.0711,20.0711,20.0711,5308416,5308416
brc100d,53,286,236,290,215,2.680340,4.079330,57,5,33,5,22.6569,22.6569,22.6569,5308416,5308416
brc100d,54,284,288,281,306,2.757530,3.926360,63,6,84,6,20.8995,20.8995,20.8995,5308416,5308416
brc100d,55,321,175,329,157,2.847920,4.020290,62,4,38,4,21.3137,21.3137,21.3137,5308416,5308416
brc100d,56,276,251,292,237,2.841940,3.938170,60,10,36,11,22.3848,22.3848,22.9706,5308416,5308416
brc100d,57,204,286,193,301,3.061550,5.954220,79,5,75,7,20.7279,20.7279,21.3137,5308416,5308416
brc100d,58,284,237,269,221,36.232520,2.048380,73,6,24,5,22.2132,22.2132,22.2132,5320704,5308416
brc100d,59,323,201,330,220,4.699300,2.076770,88,4,62,3,21.8995,21.8995,21.8995,5308416,5308416
brc100d,60,192,308,206,330,4.754610,2.081660,93,6,66,5,27.7990,27.7990,27.7990,5308416,5308416
brc100d,61,322,166,303,181,5.203460,2.181340,89,7,52,6,25.2132,25.2132,25.2132,5308416,5308416
brc100d,62,311,195,331,182,4.674050,2.035100,72,7,30,6,25.3848,25.3848,25.3848,5308416,5308416
brc100d,63,276,200,292,218,4.985110,2.055290,75,8,43,8,24.6274,24.6274,24.6274,5308416,5308416
brc100d,64,416,279,399,261,5.201630,2.128010,71,9,19,9,25.0416,25.0416,25.6274,5308416,5308416
brc100d,65,102,250,124,262,4.834570,2.021020,82,8,60,8,26.9706,26.9706,26.9706,5308416,5308416
brc100d,66,192,293,218,295,4.593890,2.053920,69,3,64,4,26.8284,26.8284,26.8284,5308416,5308416
brc100d,67,336,176,313,174,4.791720,2.024690,57,5,40,5,24.6569,24.6569,24.6569,5308416,5308416
brc100d,68,236,254,239,280,4.686210,2.086680,67,3,47,3,27.2426,27.2426,27.2426,5308416,5308416
brc100d,69,156,267,130,271,4.955440,2.071100,69,5,44,5,27.6569,27.6569,27.6569,5308416,5308416
brc100d,70,128,272,138,299,5.033800,2.044150,103,8,91,14,31.1421,31.1421,31.1421,5308416,5308416
brc100d,71,263,263,280,285,4.727250,2.112520,104,8,52,10,29.0416,29.0416,29.0416,5308416,5308416
brc100d,72,268,149,271,167,4.949690,2.027750,81,10,156,27,27.7279,27.7279,30.0711,5312512,5308416
brc100d,73,349,258,375,245,4.801500,2.050780,146,15,142,16,31.3848,31.3848,31.3848,5312512,5308416
brc100d,74,218,295,226,267,4.668000,2.082700,77,8,55,7,31.3137,31.3137,31.3137,5308416,5308416
brc100d,75,323,158,293,154,4.683800,2.040360,75,4,52,4,31.6569,31.6569,31.6569,5308416,5308416
brc100d,76,301,158,304,188,5.064340,2.084580,79,4,59,3,31.2426,31.2426,31.2426,5308416,5308416
brc100d,77,300,217,284,239,4.703530,2.022890,84,8,44,7,28.6274,28.6274,28.6274,5308416,5308416
brc100d,78,287,166,310,181,3.751730,38.536730,87,8,64,13,29.2132,29.2132,29.2132,5308416,5312512
brc100d,79,272,168,295,158,3.330600,4.001990,98,9,232,16,30.6569,30.6569,31.2426,5312512,5308416
brc100d,80,150,242,117,236,2.830230,4.118800,123,8,127,9,35.4853,35.4853,35.4853,5308416,5308416
brc100d,81,316,148,285,150,2.820880,3.907390,156,6,219,5,35.1421,35.1421,35.1421,5312512,5308416
brc100d,82,331,180,353,205,2.727010,4.188970,105,16,51,13,34.1127,34.1127,34.1127,5308416,5308416
brc100d,83,346,221,377,231,3.029710,4.525110,95,9,69,9,35.1421,35.1421,35.1421,5308416,5308416
brc100d,84,323,153,289,154,2.832660,3.902060,92,4,61,4,34.4142,34.4142,34.4142,5308416,5308416
brc100d,85,293,297,295,330,2.784250,3.863430,102,3,85,3,33.8284,33.8284,33.8284,5308416,5308416
brc100d,86,366,241,375,212,2.808900,4.039430,125,8,145,11,33.5563,33.5563,33.5564,5312512,5308416
brc100d,87,269,205,297,216,2.882510,3.951740,91,8,71,7,32.5563,32.5563,32.5564,5308416,5308416
brc100d,88,144,262,147,231,2.883460,3.853330,77,6,63,5,32.2426,32.2426,32.2426,5308416,5308416
brc100d,89,224,292,242,318,2.730090,4.101280,93,4,43,3,33.4558,33.4558,33.4558,5308416,5308416
brc100d,90,307,186,338,199,3.010180,4.396440,208,11,356,18,38.1421,38.1421,38.7279,5324800,5308416
brc100d,91,62,280,72,250,2.845140,4.007440,103,4,157,5,38.7279,38.7279,39.3137,5312512,5308416
brc100d,92,311,147,337,173,2.755270,4.061300,107,7,27,7,36.7696,36.7696,36.7696,5308416,5308416
brc100d,93,243,295,224,266,2.791940,3.899350,123,11,101,12,36.8701,36.8701,36.8701,5308416,5308416
brc100d,94,278,252,277,215,2.887700,3.954120,77,6,39,4,37.4142,37.4142,37.4142,5308416,5308416
brc100d,95,299,236,271,212,2.869620,4.219690,130,8,68,8,37.9411,37.9411,37.9411,5308416,5308416
brc100d,96,306,156,274,146,2.886690,2.131990,97,7,98,8,36.1421,36.1421,36.1421,5308416,5308416
brc100d,97,309,210,305,174,2.760470,2.032900,93,4,83,4,37.6569,37.6569,37.6569,0,5308416
brc100d,98,401,259,364,252,4.820980,2.057620,94,7,66,14,39.8995,39.8995,39.8995,5308416,5308416
brc100d,99,294,155,310,187,50.086840,2.061020,115,7,77,8,38.6274,38.6274,38.6274,5308416,5308416
brc100d,100,300,294,275,288,5.140810,2.057900,114,6,259,11,40.2132,40.2132,40.7990,5324800,5308416
brc100d,101,230,263,214,299,5.033950,2.099540,137,10,131,12,42.6274,42.6274,42.6274,5312512,5308416
brc100d,102,147,263,129,295,4.939200,2.052430,151,11,169,11,40.0416,40.0416,40.6274,5312512,5308416
brc100d,103,289,175,321,195,4.804590,2.110150,134,8,93,7,40.2843,40.2843,40.2843,5308416,5308416
brc100d,104,91,330,119,311,4.818360,2.080170,122,7,185,12,41.7279,41.7279,42.3137,5312512,5308416
brc100d,105,287,226,318,253,4.964090,2.117600,246,8,140,8,42.1838,42.1838,42.1838,5312512,5308416
brc100d,106,234,293,196,300,4.823750,2.044650,102,5,75,4,40.8995,40.8995,40.8995,5308416,5308416
brc100d,107,285,254,311,266,5.351160,2.039130,82,7,150,20,39.4558,39.4558,41.7990,5312512,5308416
brc100d,108,86,322,119,307,4.749200,2.035710,131,9,150,13,39.7990,39.7990,40.9706,5312512,5308416
brc100d,109,297,173,333,187,4.916000,2.077810,145,8,109,6,41.7990,41.7990,41.7990,5308416,5308416
brc100d,110,126,266,148,304,5.410450,2.094600,202,8,245,16,47.1127,47.1127,47.1127,5312512,5308416
brc100d,111,267,275,279,235,5.103240,2.018770,142,6,119,8,44.9706,44.9706,44.9706,5308416,5308416
brc100d,112,213,324,230,286,4.686330,2.052960,193,10,167,9,45.0416,45.0416,45.0416,5312512,5308416
brc100d,113,65,297,53,257,3.198330,2.092670,157,3,139,15,44.9706,44.9706,44.9706,5312512,0
brc100d,114,290,165,334,161,2.923550,2.015020,124,7,86,8,46.4853,46.4853,47.0711,5308416,0
brc100d,115,236,314,227,272,2.846690,3.937540,173,8,154,7,45.7279,45.7279,46.3137,5312512,5308416
brc100d,116,359,206,379,242,2.834150,4.062050,163,14,123,15,44.2843,44.2843,44.2843,5308416,5308416
brc100d,117,362,207,340,216,3.233200,3.987850,135,14,887,23,43.8701,43.8701,45.0416,5341184,5308416
brc100d,118,281,219,263,258,2.914370,4.440170,163,8,112,10,46.4558,46.4558,46.4558,5308416,5308416
brc100d,119,391,248,351,232,2.933420,47.598050,226,14,234,19,46.6274,46.6274,46.6274,5312512,5308416
brc100d,120,304,229,278,191,2.842030,3.924530,446,6,286,11,48.7696,48.7696,48.7696,5328896,5308416
brc100d,121,242,256,223,298,2.888470,4.034170,278,6,295,9,49.8701,49.8701,49.8701,5328896,5308416
brc100d,122,121,243,148,211,2.839210,3.974500,182,7,266,15,49.0416,49.0416,49.6274,5324800,5308416
brc100d,123,274,142,232,165,2.969060,4.162390,280,8,295,17,51.5269,51.5269,51.5269,5328896,5308416
brc100d,124,325,205,309,162,3.199500,4.256330,321,6,358,6,49.6274,49.6274,49.6274,5328896,5308416
brc100d,125,84,332,105,374,2.994790,4.037810,271,3,323,15,50.6985,50.6985,50.6985,5328896,5308416
brc100d,126,341,194,302,208,2.830730,4.025980,247,10,280,16,48.9411,48.9411,48.9411,5324800,5308416
brc100d,127,276,253,298,214,2.839660,4.049570,319,10,300,11,48.1127,48.1127,48.1127,5328896,5308416
brc100d,128,368,228,321,220,2.894510,3.823070,263,10,299,8,50.3137,50.3137,50.3137,5328896,5308416
brc100d,129,291,314,247,305,3.004750,4.185580,210,7,301,9,48.8995,48.8995,49.4853,5324800,5308416
brc100d,130,55,207,80,241,3.198810,2.455290,107,3,697,13,54.6985,54.6985,55.2843,5341184,5308416
brc100d,131,113,282,134,238,3.021050,2.240110,383,8,323,10,52.6985,52.6985,52.6985,0,5308416
brc100d,132,283,273,300,238,3.019110,2.092590,148,8,502,20,53.3137,53.3137,53.8995,0,5308416
brc100d,133,151,217,154,271,4.357550,2.032710,149,5,103,6,55.2426,55.2426,55.2426,5308416,5308416
brc100d,134,309,185,298,136,4.881220,2.089170,149,8,91,6,53.5563,53.5564,53.5564,5308416,5308416
brc100d,135,351,196,327,226,4.922950,2.099980,151,12,615,29,52.7279,52.7279,53.3137,5341184,5308416
brc100d,136,285,156,314,197,5.024130,2.089640,319,12,277,18,53.0122,53.0122,53.0122,5328896,5308416
brc100d,137,301,272,290,299,5.170030,2.146770,131,12,633,25,51.5980,51.5980,52.1838,5341184,5308416
brc100d,138,235,180,273,145,4.831780,2.047650,234,9,250,12,54.2548,54.2548,54.8406,5312512,5308416
brc100d,139,168,314,129,281,4.653880,2.045520,220,5,142,12,52.6691,52.6690,52.6690,5312512,5308416
brc100d,140,376,211,385,260,48.046660,2.108980,310,16,504,30,59.3553,59.3553,59.3553,5328896,5308416
brc100d,141,298,274,272,228,4.968340,2.022010,199,7,186,8,56.7696,56.7696,58.5269,5312512,5308416
brc100d,142,323,154,269,155,4.945640,2.137500,212,8,421,10,59.1421,59.1421,59.7279,5324800,5308416
brc100d,143,198,313,251,322,4.884890,2.023040,142,5,110,5,56.7279,56.7279,56.7279,5308416,5308416
brc100d,144,335,230,320,179,4.828970,2.046900,176,5,114,8,57.2132,57.2132,57.2132,5308416,5308416
brc100d,145,105,269,105,317,5.008450,2.090660,198,16,324,40,58.7696,58.7695,59.3553,5324800,5308416
brc100d,146,404,275,355,252,5.394980,2.061750,336,20,418,25,58.5269,58.5269,58.5269,5328896,5308416
brc100d,147,401,261,343,259,4.663680,1.974880,176,4,93,5,58.8284,58.8284,58.8284,5308416,5308416
brc100d,148,367,215,344,260,5.105130,2.079010,240,15,515,32,56.5269,56.5269,57.1127,5341184,5308416
brc100d,149,287,236,288,285,4.864830,2.063250,270,13,423,16,57.6985,57.6985,57.6985,5328896,5308416
brc100d,150,236,249,217,304,3.342820,2.069680,391,9,411,13,62.8701,62.8701,62.8701,5328896,0
brc100d,151,228,259,191,302,2.992780,2.131620,307,14,365,17,60.0833,60.0833,60.6690,5328896,0
brc100d,152,122,265,84,232,3.495690,3.749200,300,12,797,23,61.6274,61.6274,62.2132,5345280,5308416
brc100d,153,102,251,145,220,2.918390,3.976380,267,10,344,18,61.1127,61.1127,61.6985,5328896,5308416
brc100d,154,57,281,53,219,2.817840,4.053180,154,4,175,9,63.6569,63.6569,63.6569,5312512,5308416
brc100d,155,300,187,251,158,2.919870,4.081360,424,17,465,23,61.0122,61.0122,61.0122,5328896,5308416
brc100d,156,315,213,364,241,3.069630,4.212620,397,17,498,23,60.5980,60.5980,60.5980,5328896,5308416
brc100d,157,253,313,299,280,2.940910,4.245780,190,11,157,18,61.6691,61.6690,62.8406,5312512,5308416
brc100d,158,135,253,132,312,2.907950,4.612480,132,7,76,7,60.2426,60.2426,60.2426,5308416,5308416
brc100d,159,102,265,151,232,3.148700,3.908830,460,12,510,15,62.6691,62.6690,62.6690,5332992,5308416
brc100d,160,322,209,347,264,2.877610,36.196020,317,10,366,12,65.3553,65.3553,65.3553,5328896,5308416
brc100d,161,233,263,208,320,6.698460,2.230020,554,14,772,22,67.3553,67.3553,67.3553,5361664,5308416
brc100d,162,84,338,124,379,4.931360,2.116280,174,6,356,19,64.0122,64.0122,64.5980,5324800,5308416
brc100d,163,240,266,193,308,4.821750,2.154860,220,13,232,15,64.3970,64.3970,64.9828,5312512,5308416
brc100d,164,308,342,306,286,5.189200,2.080600,197,4,263,18,65.1127,65.1127,65.6985,5324800,5308416
brc100d,165,428,266,369,252,5.099280,2.121840,297,9,331,29,64.7990,64.7990,64.7990,5328896,5308416
brc100d,166,223,297,213,235,5.146790,2.131090,329,10,459,19,66.1421,66.1421,66.1421,5328896,5308416
brc100d,167,289,317,263,262,8.400660,3.275950,437,11,556,16,65.7696,65.7695,65.7696,5345280,5308416
brc100d,168,331,167,267,169,6.081050,2.263140,162,5,116,6,64.8284,64.8284,64.8284,5308416,5308416
brc100d,169,123,309,64,293,5.263220,2.261370,190,9,285,10,65.6274,65.6274,65.6274,5324800,5308416
brc100d,170,57,251,122,242,5.039250,2.150260,177,6,371,12,70.3848,70.3848,70.3848,5324800,5308416
brc100d,171,129,264,78,243,5.419420,2.112790,276,9,972,29,67.4558,67.4558,68.0416,5345280,5308416
brc100d,172,219,299,269,299,5.700440,2.149320,273,12,1371,18,68.8701,68.8701,69.4558,5369856,5308416
brc100d,173,231,180,287,174,5.203330,2.058910,259,11,756,44,69.2548,69.2548,69.2548,5345280,5308416
brc100d,174,157,234,102,267,5.360860,2.096620,617,15,758,14,68.6691,68.6691,68.6690,5349376,5308416
brc100d,175,291,176,325,231,5.113400,2.081590,535,10,561,11,69.0833,69.0833,69.0833,5349376,5308416
brc100d,176,308,285,307,346,4.774870,2.044210,190,4,384,11,70.5269,70.5269,70.5269,5324800,5308416
brc100d,177,307,211,356,253,4.889870,2.055560,422,9,455,18,68.1544,68.1543,69.3259,5328896,5308416
brc100d,178,280,298,326,269,5.274950,2.102990,311,11,811,30,67.0833,67.0833,68.2548,5345280,5308416
brc100d,179,292,181,244,180,5.090870,2.117490,169,18,944,52,71.1838,71.1838,71.7696,5341184,5308416
brc100d,180,272,260,300,288,5.618000,2.194700,217,15,1757,57,73.1127,73.1127,74.2843,5369856,5308416
brc100d,181,304,262,286,324,22.296290,20.943590,256,12,567,19,75.2548,75.2548,75.2548,5345280,5308416
brc100d,182,330,184,264,164,3.496220,4.219790,632,16,934,24,74.2843,74.2843,74.2843,5349376,5308416
brc100d,183,292,278,300,338,3.215350,4.481060,351,10,638,16,74.0833,74.0833,74.0833,5345280,5308416
brc100d,184,296,312,311,379,2.910430,4.832320,193,5,252,15,73.2132,73.2132,73.2132,5312512,5308416
brc100d,185,93,304,114,260,3.706020,4.306530,153,18,384,28,73.0416,73.0416,73.6274,5324800,5308416
brc100d,186,229,316,269,282,3.832950,4.718460,242,14,1341,17,72.1421,72.1421,72.7279,5365760,5308416
brc100d,187,360,196,308,146,3.103730,4.799320,306,18,151,15,72.7107,72.7107,72.7107,5316608,5308416
brc100d,188,112,251,64,251,3.564340,4.512580,239,15,929,65,72.8701,72.8701,74.0416,5341184,5308416
brc100d,189,313,351,308,288,3.262370,4.578790,226,6,362,20,75.0122,75.0122,75.5980,5324800,5308416
brc100d,190,127,302,192,334,3.002370,4.435380,426,6,552,25,78.2549,78.2548,78.2548,5345280,5308416
brc100d,191,161,280,162,302,2.935450,4.159430,122,16,638,41,76.5980,76.5980,77.7696,5341184,5308416
brc100d,192,208,309,220,237,2.892200,3.979180,194,8,105,10,76.9706,76.9706,76.9706,5308416,5308416
brc100d,193,136,296,176,351,3.079660,4.154010,268,6,491,24,76.9828,76.9827,77.5685,5328896,5308416
brc100d,194,349,203,280,185,2.809710,3.946190,188,13,245,16,76.4558,76.4558,76.4558,5312512,5308416
brc100d,195,334,215,390,262,2.959230,4.054980,485,28,552,58,78.9828,78.9828,79.5685,5345280,5308416
brc100d,196,230,174,295,162,3.217440,4.179790,271,15,869,45,76.9411,76.9411,77.5269,5345280,5308416
brc100d,197,232,287,288,328,3.068010,4.082710,238,5,433,17,76.4975,76.4975,77.6690,5324800,5308416
brc100d,198,300,295,237,327,3.020140,4.124720,379,9,523,23,76.2548,76.2548,76.2548,5345280,5308416
brc100d,199,291,283,232,307,3.321450,4.221050,252,11,905,20,77.6691,77.6691,78.2548,5341184,5308416
brc100d,200,198,329,276,315,2.961470,4.128990,394,10,497,12,83.7990,83.7990,83.7990,5328896,5308416
brc100d,201,320,185,369,243,3.276940,6.408280,637,23,884,40,82.3970,82.3970,82.9828,5349376,5308416
brc100d,202,180,351,224,289,36.467250,2.132850,479,16,606,23,80.2254,80.2254,80.8112,5357568,5308416
brc100d,203,321,284,319,217,5.232530,2.018450,243,5,526,18,81.0833,81.0833,81.0833,5341184,5308416
brc100d,204,114,269,80,316,5.185580,2.156760,271,19,1082,61,79.5269,79.5269,80.1127,5369856,5308416
brc100d,205,356,217,307,157,5.048270,2.100050,474,24,473,25,80.2965,80.2965,80.8822,5328896,5308416
brc100d,206,125,303,101,238,5.684040,2.158950,270,15,1437,57,81.3848,81.3848,81.9706,5369856,5308416
brc100d,207,291,182,359,216,5.772720,2.113960,918,17,954,20,82.0833,82.0833,82.0833,5349376,5308416
brc100d,208,167,357,232,319,4.879620,2.070920,396,7,440,20,80.7401,80.7401,80.7401,5328896,5308416
brc100d,209,234,301,286,277,5.577890,2.193920,450,13,1299,19,82.0833,82.0833,82.6690,5369856,5308416
brc100d,210,129,319,89,361,5.223970,2.161330,245,13,607,22,85.2132,85.2132,85.7990,5341184,5308416
brc100d,211,343,165,332,240,5.349880,2.158140,425,17,977,57,84.5269,84.5269,84.5269,5345280,5308416
brc100d,212,131,227,67,249,4.888210,2.061200,324,8,590,24,86.6274,86.6274,87.2132,5345280,5308416
brc100d,213,298,172,349,235,5.178950,2.204380,511,17,755,21,85.2965,85.2965,86.4680,5349376,5308416
brc100d,214,123,302,94,237,5.612540,2.161650,258,14,1607,69,86.9706,86.9706,87.5564,5373952,5308416
brc100d,215,142,295,104,227,5.402290,2.108800,468,15,961,29,85.1544,85.1543,86.3259,5345280,5308416
brc100d,216,233,281,178,330,6.021450,2.193860,365,14,1615,38,85.3970,85.3970,85.9828,5373952,5308416
brc100d,217,308,148,370,208,5.269050,2.124000,302,19,157,22,86.8529,86.8528,86.8528,5316608,5308416
brc100d,218,191,303,156,305,5.481590,2.136080,193,11,1216,33,86.3970,86.3970,87.5685,5365760,5308416
brc100d,219,290,151,341,213,5.127610,2.127570,606,22,800,41,84.8823,84.8823,85.4680,5349376,5308416
brc100d,220,117,274,69,291,5.718940,2.168310,224,11,1690,73,88.9412,88.9411,90.1127,5369856,5308416
brc100d,221,195,286,163,317,5.346030,2.156290,204,11,1396,49,89.1838,89.1838,89.7696,5365760,5308416
brc100d,222,320,283,341,208,19.203400,23.206070,232,12,958,40,88.6691,88.6690,89.2548,5341184,5312512
brc100d,223,241,307,209,233,4.006160,4.012270,596,14,1189,26,87.8406,87.8406,88.4264,5373952,5308416
brc100d,224,72,246,144,219,3.220210,4.125540,180,8,900,34,91.2843,91.2843,91.8701,5341184,5308416
brc100d,225,220,288,166,316,3.972240,4.065690,225,8,2087,55,90.8112,90.8112,91.9828,5410816,5308416
brc100d,226,297,335,279,252,3.026060,3.985200,399,6,461,6,90.4558,90.4558,90.4558,5328896,5308416
brc100d,227,379,244,306,284,3.246840,4.094890,719,13,855,30,89.5686,89.5685,89.5685,5349376,5308416
brc100d,228,129,316,105,240,3.813770,4.511960,360,16,1753,59,91.2132,91.2132,91.7990,5373952,5308416
brc100d,229,145,274,85,324,3.192790,4.660210,327,19,679,39,87.9828,87.9828,90.3259,5345280,5308416
brc100d,230,353,216,423,270,3.118800,3.904100,599,24,657,36,92.3676,92.3675,92.9533,5349376,5308416
brc100d,231,348,188,332,276,3.012850,4.056450,434,9,669,38,94.6274,94.6274,95.2132,5345280,5308416
brc100d,232,54,236,92,304,3.332520,3.964060,184,6,1029,39,93.8407,93.8406,94.4264,5365760,5308416
brc100d,233,325,196,390,241,3.216460,3.980250,576,31,942,50,92.3676,92.3676,93.5391,5349376,5308416
brc100d,234,160,316,116,243,3.236030,4.168570,459,9,828,13,91.8112,91.8112,92.3970,5345280,5308416
brc100d,235,340,201,406,269,2.956850,4.185820,289,32,182,29,95.3382,95.3381,95.9239,5316608,5308416
brc100d,236,139,293,194,315,3.399800,4.056580,143,10,1267,32,94.5391,94.5391,95.1249,5365760,5308416
brc100d,237,299,183,336,261,3.317800,4.162860,461,11,1029,14,94.1543,94.1543,94.1543,5369856,5308416
brc100d,238,146,372,87,325,3.273130,3.921350,347,9,1007,43,94.8701,94.8701,95.4558,5345280,5308416
brc100d,239,333,238,317,151,3.094980,3.994130,553,5,601,10,93.6274,93.6274,93.6274,5349376,5308416
brc100d,240,98,307,62,235,2.951550,4.103820,278,9,458,16,97.9411,97.9411,98.5269,5328896,5308416
brc100d,241,278,184,363,213,3.371510,4.462760,805,18,1179,30,97.0122,97.0122,97.0122,5373952,5308416
brc100d,242,93,372,129,296,3.315040,12.886250,257,16,799,46,99.1127,99.1127,99.6985,5345280,5308416
brc100d,243,286,322,200,296,28.243490,2.089010,775,11,892,17,96.7696,96.7696,96.7696,5361664,5308416
brc100d,244,152,306,101,236,5.877570,2.112230,392,17,1368,28,96.3970,96.3970,96.9828,5369856,5308416
brc100d,245,254,152,320,220,5.074150,2.206100,440,23,477,29,98.2671,98.2670,99.4386,5328896,5308416
brc100d,246,155,274,178,202,5.441490,2.106800,190,12,1331,46,98.4559,98.4558,99.0416,5365760,5308416
brc100d,247,293,312,337,386,5.009120,2.078920,206,6,675,33,95.7402,95.7401,96.3259,5341184,5308416
brc100d,248,319,145,236,167,5.314880,2.161000,580,21,1161,49,96.2549,96.2548,96.2548,5373952,5308416
brc100d,249,326,166,340,258,5.399290,2.086150,697,13,917,40,97.7990,97.7990,97.7990,5349376,5308416
brc100d,250,298,301,266,225,5.321390,2.110550,564,11,1072,23,102.0416,102.0416,102.6274,5373952,5308416
brc100d,251,97,314,53,235,5.039670,2.067600,417,8,696,23,101.9117,101.9117,102.4975,5345280,5308416
brc100d,252,87,336,128,258,5.388490,2.085210,421,12,932,45,99.6691,99.6691,100.8406,5345280,5308416
brc100d,253,306,361,233,314,4.803250,2.087410,227,7,423,26,101.8406,101.8406,102.4264,5324800,5308416
brc100d,254,206,319,274,278,6.723740,2.278400,267,16,2449,45,100.7990,100.7990,101.3848,5414912,5308416
brc100d,255,266,312,176,326,5.788620,2.103150,263,7,1470,47,101.5980,101.5980,102.1838,5369856,5308416
brc100d,256,211,314,265,270,6.483800,2.292960,339,19,3233,74,102.9706,102.9706,103.5564,5423104,5308416
brc100d,257,198,284,286,315,5.128930,2.067430,728,11,1033,14,100.8406,100.8406,101.4264,5373952,5308416
brc100d,258,188,342,226,255,5.301160,2.140560,855,19,1186,30,102.7401,102.7401,103.3259,5373952,5308416
brc100d,259,220,267,291,323,5.378790,2.222870,348,10,1022,37,101.8112,101.8112,102.3970,5349376,5308416
brc100d,260,233,264,186,350,5.286500,2.141640,945,13,1429,34,105.4681,105.4680,106.0538,5373952,5308416
brc100d,261,88,313,134,237,6.192670,2.125390,639,17,1110,33,105.5980,105.5980,106.1838,5373952,5308416
brc100d,262,93,336,95,255,5.596130,2.159200,266,20,1210,70,105.5686,105.5685,106.7401,5369856,5308416
brc100d,263,233,183,316,184,16.182010,28.909470,540,14,1271,51,103.9828,103.9828,104.5685,5373952,5324800
brc100d,264,187,308,136,303,3.457880,4.022010,273,10,1353,34,104.1249,104.1249,104.7107,5369856,5308416
brc100d,265,132,253,62,276,4.286530,4.134060,224,13,2446,116,104.2549,104.2548,104.8406,5410816,5308416
brc100d,266,427,265,352,206,3.225080,4.319370,458,28,666,36,103.5392,103.5391,104.1249,5345280,5308416
brc100d,267,383,253,314,185,3.463110,4.531390,467,27,1112,99,104.1960,104.1960,104.7817,5369856,5308416
brc100d,268,107,317,191,340,3.505290,4.312740,443,9,884,30,105.9534,105.9533,105.9533,5345280,5308416
brc100d,269,94,280,158,208,3.505530,4.021390,432,13,1111,50,103.1960,103.1960,104.9533,5369856,5308416
brc100d,270,304,152,363,239,3.477360,4.221880,1393,24,1546,58,111.4387,111.4386,111.4386,5382144,5308416
brc100d,271,158,219,68,237,3.596740,4.269040,227,13,1510,52,108.0833,108.0833,108.6690,5365760,5308416
brc100d,272,332,269,303,271,3.687950,4.213910,249,34,1885,70,107.8529,107.8528,108.4386,5369856,5308416
brc100d,273,292,323,296,229,3.854810,4.218610,389,14,1470,40,108.0833,108.0833,108.0833,5369856,5308416
brc100d,274,347,213,270,149,3.325940,4.181420,793,24,892,38,108.1960,108.1960,108.7817,5349376,5308416
brc100d,275,124,308,52,254,3.654380,4.250340,527,16,1545,89,108.6691,108.6691,109.2548,5378048,5308416
brc100d,276,85,239,170,208,3.539760,4.103900,228,8,1356,33,107.9412,107.9411,109.1127,5365760,5308416
brc100d,277,81,242,167,205,3.569580,4.147170,228,7,1325,37,110.5980,110.5980,111.7696,5365760,5308416
brc100d,278,280,284,223,264,4.130830,4.558990,569,25,2467,68,110.0539,110.0538,111.2254,5419008,5308416
brc100d,279,328,231,422,273,3.522800,4.161700,1104,28,1342,59,111.3970,111.3970,111.3970,5378048,5308416
brc100d,280,153,257,59,226,4.291500,4.121660,419,16,2340,70,115.3259,115.3259,115.9117,5414912,5308416
brc100d,281,168,315,225,267,3.432660,4.409160,723,17,1432,40,114.0539,114.0538,115.2254,5373952,5308416
brc100d,282,268,269,337,260,4.846850,4.641720,317,15,3386,114,113.7818,113.7818,114.9533,5423104,5308416
brc100d,283,179,330,237,255,3.569470,13.484230,1183,21,1492,52,112.0539,112.0538,112.6396,5378048,5308416
brc100d,284,305,348,280,246,30.607390,2.109690,412,7,1109,25,114.8406,114.8406,115.4264,5373952,5308416
brc100d,285,305,298,205,297,5.650200,2.172120,663,11,1310,24,113.6691,113.6691,113.6690,5373952,5308416
brc100d,286,349,265,299,349,5.406070,2.171380,332,7,497,23,113.0539,113.0538,113.6396,5328896,5308416
brc100d,287,199,317,292,278,6.470330,2.224290,635,19,2202,38,114.4264,114.4264,115.0122,5419008,5308416
brc100d,288,57,273,102,263,6.105330,2.255590,177,25,2071,82,111.5686,111.5686,113.3259,5410816,5308416
brc100d,289,191,337,96,307,5.305800,2.089650,326,7,915,14,113.2254,113.2254,113.2254,5345280,5308416
brc100d,290,345,250,292,155,5.752160,2.154760,1416,13,1947,36,116.9534,116.9533,117.5391,5382144,5308416
brc100d,291,303,300,197,331,5.351830,2.154890,820,9,1195,41,118.8406,118.8406,118.8406,5373952,5308416
brc100d,292,296,292,224,261,6.059390,2.330200,644,20,2324,60,117.7107,117.7107,118.8822,5419008,5308416
brc100d,293,249,152,336,224,5.224700,2.110810,657,20,709,29,116.8234,116.8234,116.8234,5349376,5308416
brc100d,294,164,210,127,302,5.493340,2.144830,758,10,1240,32,116.5980,116.5980,117.1838,5373952,5308416
brc100d,295,230,287,150,301,6.712320,2.310620,356,12,2897,70,118.1666,118.1665,118.7523,5419008,5308416
brc100d,296,76,302,116,234,5.222150,2.175370,291,21,1040,60,116.8701,116.8701,117.4558,5369856,5308416
brc100d,297,217,304,283,256,7.409240,2.209370,596,24,3317,54,117.5980,117.5980,118.1838,5427200,5308416
brc100d,298,165,320,95,352,5.474240,2.106200,162,8,1468,26,119.2549,119.2548,119.8406,5365760,5308416
brc100d,299,291,305,279,199,4.871470,2.070760,408,7,556,10,117.3137,117.3137,117.8995,5345280,5308416
brc100d,300,329,385,287,286,5.570160,2.166620,234,4,1438,37,123.0244,123.0244,123.0244,5365760,5308416
brc100d,301,207,288,140,375,5.579500,2.189990,536,12,1262,37,121.7818,121.7817,122.3675,5373952,5308416
brc100d,302,168,325,278,318,5.275280,2.075480,363,9,988,40,122.0122,122.0122,122.0122,5345280,5308416
brc100d,303,307,346,306,247,5.821330,2.118210,598,10,1739,31,121.7818,121.7817,121.7817,5378048,5308416
brc100d,304,121,287,157,366,20.106830,24.162930,207,15,1869,50,120.3382,120.3381,121.5097,5369856,5320704
brc100d,305,97,311,53,216,3.194250,4.035240,526,9,757,23,119.6691,119.6691,120.2548,5349376,5308416
brc100d,306,268,281,353,252,4.475420,4.217250,745,23,2916,94,120.5097,120.5097,121.0955,5423104,5308416
brc100d,307,304,300,351,199,3.152450,4.198060,575,19,782,30,120.4681,120.4680,121.0538,5349376,5308416
brc100d,308,276,308,329,223,4.773000,4.339250,332,18,3250,78,121.7818,121.7818,122.3675,5423104,5308416
brc100d,309,198,285,302,297,4.816150,4.409610,577,22,2281,58,123.0538,123.0538,123.0538,5419008,5308416
brc100d,310,95,331,59,218,3.145950,4.299180,535,8,684,20,127.9117,127.9117,127.9117,5349376,5308416
brc100d,311,216,267,307,286,4.530670,4.472570,438,18,2144,64,127.3382,127.3381,127.9239,5414912,5308416
brc100d,312,91,344,66,232,3.588790,4.086250,261,5,1083,46,127.3259,127.3259,127.3259,5369856,5308416
brc100d,313,135,250,92,354,3.877250,4.167350,410,23,1983,71,126.4975,126.4975,127.6690,5373952,5308416
brc100d,314,143,370,118,305,3.745740,4.108670,264,10,2037,78,125.9412,125.9411,127.1127,5373952,5308416
brc100d,315,308,373,221,313,3.456030,4.096520,305,7,599,33,127.0833,127.0833,127.6690,5345280,5308416
brc100d,316,66,282,123,376,3.480030,3.898090,254,7,1120,70,125.2254,125.2254,125.8112,5369856,5308416
brc100d,317,217,320,133,353,4.155860,4.196130,216,15,2497,69,127.0244,127.0244,127.6102,5410816,5308416
brc100d,318,128,261,51,201,4.034220,4.391820,484,25,2322,70,123.5686,123.5685,124.7401,5414912,5308416
brc100d,319,206,316,302,264,4.183400,4.033790,871,21,2315,42,125.1544,125.1543,125.7401,5419008,5308416
brc100d,320,99,305,173,362,4.040980,3.979650,297,12,1903,66,129.9534,129.9533,131.7107,5373952,5308416
brc100d,321,333,166,398,269,3.716170,4.126450,1156,34,1819,70,129.9239,129.9239,129.9239,5382144,5308416
brc100d,322,144,297,250,311,3.324820,3.950760,494,14,1205,34,130.0244,130.0244,130.0244,5369856,5308416
brc100d,323,219,286,139,377,3.690730,4.156820,565,17,1345,29,130.5808,130.5807,131.1665,5373952,5308416
brc100d,324,170,314,236,256,3.808010,21.705990,1028,23,1802,58,129.7818,129.7818,130.9533,5382144,5308416
brc100d,325,194,332,89,354,21.677610,2.082730,293,10,966,31,129.6102,129.6102,130.7817,5353472,5308416
brc100d,326,229,307,300,240,6.715040,2.177980,643,20,3077,51,129.0539,129.0538,129.6396,5427200,5308416
brc100d,327,52,209,147,258,5.364150,2.113000,431,7,1291,24,128.8112,128.8112,129.3970,5369856,5308416
brc100d,328,290,323,355,220,5.366420,2.107370,766,20,1006,42,129.9240,129.9239,130.5097,5349376,5308416
brc100d,329,234,267,160,362,5.631590,2.241460,786,13,1532,50,128.5808,128.5807,129.1665,5373952,5308416
brc100d,330,185,309,267,265,7.184220,2.303870,190,12,4066,100,135.2132,135.2132,135.7990,5427200,5308416
brc100d,331,327,178,417,272,5.267660,2.241290,616,39,1094,85,134.7940,134.7940,135.3797,5373952,5308416
brc100d,332,349,259,296,147,5.865430,2.167660,1166,12,2014,33,133.9534,133.9533,134.5391,5382144,5308416
brc100d,333,301,356,303,240,6.690900,2.202350,583,8,1863,44,135.0539,135.0538,135.0538,5378048,5308416
brc100d,334,60,244,97,363,5.336990,2.065490,526,10,825,54,134.3259,134.3259,134.3259,5349376,5308416
brc100d,335,380,259,326,148,5.590210,2.175900,1062,30,1893,75,133.3676,133.3675,133.3675,5382144,5308416
brc100d,336,241,168,352,209,5.863870,2.256000,1296,30,1842,50,133.7818,133.7817,133.7817,5382144,5308416
brc100d,337,357,195,244,173,7.101980,2.395760,377,26,3191,137,134.9828,134.9828,135.5685,5423104,5312512
brc100d,338,167,320,61,279,6.096560,2.162340,372,16,1978,59,132.8823,132.8823,133.4680,5373952,5308416
brc100d,339,301,270,239,259,7.193670,2.499400,312,16,4311,140,131.1249,131.1249,132.2965,5500928,5312512
brc100d,340,370,228,272,311,5.618190,2.155330,989,20,1662,55,138.2377,138.2376,138.8234,5378048,5308416
brc100d,341,229,308,120,375,5.190000,2.129090,887,13,1131,30,136.7524,136.7523,136.7523,5373952,5308416
brc100d,342,262,263,316,379,5.626340,2.180840,958,8,1516,35,138.3676,138.3675,138.3675,5373952,5308416
brc100d,343,57,224,136,296,5.738150,2.176880,530,15,2070,58,136.3970,136.3970,137.5685,5419008,5308416
brc100d,344,287,268,338,238,7.486760,2.385740,333,12,4226,132,135.9534,135.9533,137.1249,5500928,5312512
brc100d,345,137,385,230,291,26.639230,16.519770,485,17,632,47,136.0367,136.0366,137.2081,5345280,5324800
brc100d,346,308,216,280,303,3.574650,4.294440,404,12,1256,32,134.9239,134.9239,136.0955,5369856,5308416
brc100d,347,345,259,312,368,3.360010,3.907150,369,13,1087,24,135.9239,135.9239,136.5097,5369856,5308416
brc100d,348,220,289,131,287,4.216010,4.096480,438,11,2952,67,136.8234,136.8234,137.4092,5419008,5308416
brc100d,349,403,275,287,305,3.189390,3.914890,619,15,942,44,138.3676,138.3675,138.3675,5349376,5308416
brc100d,350,320,189,291,296,4.076020,4.076940,316,19,2119,44,139.5392,139.5391,140.1249,5414912,5308416
brc100d,351,158,263,52,208,4.944740,4.182580,427,18,3386,109,142.8823,142.8823,143.4680,5423104,5308416
brc100d,352,273,153,374,234,3.093700,4.073720,544,33,594,54,141.6225,141.6224,142.7939,5349376,5308416
brc100d,353,379,250,269,169,3.689830,4.050920,1240,30,1267,51,143.5514,143.5513,143.5513,5378048,5308416
brc100d,354,289,239,214,319,4.065800,4.492250,303,15,2434,76,139.1838,139.1838,140.3553,5419008,5308416
brc100d,355,350,260,258,259,4.211980,4.204160,478,38,2613,101,140.3382,140.3381,141.5097,5419008,5308416
brc100d,356,309,358,198,330,3.443910,4.030220,521,9,1309,48,140.8823,140.8823,141.4680,5373952,5308416
brc100d,357,325,227,259,317,3.351540,4.040940,546,13,1088,30,140.1666,140.1665,140.7523,5373952,5308416
brc100d,358,127,339,118,301,3.561120,4.297990,293,9,1363,52,137.6691,137.6691,140.0122,5369856,5308416
brc100d,359,89,362,61,233,3.599160,4.046920,313,10,731,28,141.4264,141.4264,141.4264,5349376,5308416
brc100d,360,180,331,270,266,5.338890,4.279800,289,16,3854,98,144.5980,144.5980,145.1838,5431296,5308416
brc100d,361,155,374,146,265,3.883250,4.189590,245,10,1990,48,144.5514,144.5513,145.1371,5369856,5308416
brc100d,362,77,307,170,365,4.254570,4.154790,296,12,2040,104,143.9117,143.9117,144.4975,5378048,5308416
brc100d,363,100,374,218,311,3.082320,4.014810,540,16,653,54,144.0956,144.0955,144.0955,5349376,5308416
brc100d,364,83,316,206,329,3.805440,5.619590,208,10,1875,80,144.9534,144.9533,144.9533,5369856,5308416
brc100d,365,196,323,139,239,4.049760,28.126250,291,21,2460,59,143.5097,143.5097,145.2670,5414912,5308416
brc100d,366,119,253,220,325,16.112020,2.181680,310,23,2659,77,147.4092,147.4092,147.9949,5427200,5308416
brc100d,367,323,388,268,265,5.625620,2.120380,953,13,1645,36,145.7818,145.7818,145.7817,5378048,5308416
brc100d,368,156,238,177,353,6.152060,2.387340,470,17,1762,67,144.4092,144.4092,144.9949,5373952,5308416
brc100d,369,121,370,241,314,5.451020,2.132860,606,13,982,51,144.8529,144.8528,144.8528,5349376,5308416
brc100d,370,363,240,303,356,5.551210,2.242880,378,18,1412,55,148.9950,148.9949,150.1665,5369856,5308416
brc100d,371,275,270,336,394,5.408810,2.389990,839,8,1241,37,149.2671,149.2670,149.8528,5373952,5308416
brc100d,372,54,210,121,309,6.089520,2.181290,218,9,1781,52,148.4264,148.4264,149.0122,5373952,5308416
brc100d,373,165,209,61,270,6.275690,2.275040,373,18,2778,137,148.3970,148.3970,150.1543,5423104,5312512
brc100d,374,286,301,319,186,7.502600,2.295250,830,23,4828,103,150.0244,150.0244,150.6102,5509120,5308416
brc100d,375,309,248,202,324,6.842790,2.312750,717,16,2773,80,151.3676,151.3675,151.9533,5427200,5308416
brc100d,376,115,382,242,323,5.512230,2.099830,644,9,1111,46,151.4387,151.4386,151.4386,5373952,5308416
brc100d,377,353,246,247,319,5.649240,2.196840,1042,14,1336,40,148.2377,148.2376,149.4092,5378048,5308416
brc100d,378,238,299,287,206,6.781400,2.253520,934,24,3468,71,150.3259,150.3259,150.9117,5431296,5308416
brc100d,379,207,326,150,237,6.851480,2.447340,442,30,3509,111,151.2377,151.2376,151.8234,5423104,5308416
brc100d,380,124,376,52,261,5.511520,2.120570,829,13,1619,69,153.0244,153.0244,153.6102,5382144,5308416
brc100d,381,277,168,395,259,5.840120,2.293710,1683,37,1999,75,155.6935,155.6935,155.6934,5386240,5308416
brc100d,382,215,308,288,221,7.496910,2.328500,863,21,4646,91,155.0122,155.0122,155.5980,5513216,5308416
brc100d,383,313,162,305,288,7.021770,2.270050,471,18,3237,91,152.1249,152.1249,153.2965,5427200,5308416
brc100d,384,350,226,250,309,5.950170,2.185510,429,24,2057,59,151.9950,151.9950,153.7523,5414912,5308416
brc100d,385,305,340,389,248,5.028380,2.155470,514,20,1121,45,153.5808,153.5807,154.1665,5373952,5308416
brc100d,386,312,371,206,288,36.641180,5.543410,781,16,1268,42,152.0955,152.0955,152.6812,5373952,5316608
brc100d,387,402,274,324,153,3.754880,4.101500,1367,38,1953,85,153.3087,153.3087,153.3087,5382144,5308416
brc100d,388,279,257,336,230,5.408830,3.992450,265,8,4781,134,151.6397,151.6396,152.8112,5509120,5312512
brc100d,389,173,357,108,235,3.573320,2.096650,834,15,1348,24,154.4803,154.4802,155.0660,5373952,0
brc100d,390,187,283,119,273,3.845960,2.283090,560,21,2082,74,157.7230,157.7229,158.3087,5419008,0
brc100d,391,310,373,228,264,3.947290,2.192160,552,17,1897,57,155.2671,155.2670,156.4386,5382144,0
brc100d,392,189,310,146,244,4.694340,2.330210,439,20,3614,100,156.7230,156.7229,157.8944,5427200,0
brc100d,393,89,265,191,317,5.371390,2.304180,129,13,4063,146,155.3798,155.3797,156.5513,5423104,0
brc100d,394,383,238,298,347,3.679140,2.154170,410,16,1580,100,155.8234,155.8234,156.4092,5373952,0
brc100d,395,404,257,317,141,3.866910,3.738350,1681,36,2018,60,156.7230,156.7229,157.3087,5386240,5308416
brc100d,396,363,244,279,254,5.804880,4.683770,302,35,5362,244,156.8529,156.8528,158.0244,5513216,5312512
brc100d,397,282,221,218,286,5.072280,3.898200,361,13,4452,142,158.6396,158.6396,159.2254,5505024,5312512
brc100d,398,228,311,109,263,4.422460,4.173360,568,24,2646,79,157.1077,157.1077,157.1077,5423104,5308416
brc100d,399,220,275,123,314,4.947270,4.394570,338,15,3721,81,157.5808,157.5807,158.1665,5431296,5308416
brc100d,400,268,147,372,255,3.751940,4.115600,646,40,1594,85,162.2083,162.2082,163.9655,5378048,5308416
brc100d,401,408,257,282,288,4.844190,4.283420,255,28,3406,175,163.1250,163.1249,163.7107,5427200,5312512
brc100d,402,258,261,327,230,5.847810,4.526460,163,8,5267,151,161.2377,161.2376,162.9949,5509120,5312512
brc100d,403,240,308,360,238,4.343440,4.119700,639,28,2445,65,159.8235,159.8234,160.4092,5423104,5308416
brc100d,404,238,330,369,256,3.538230,4.121450,1068,14,1398,37,161.6519,161.6518,161.6518,5382144,5308416
brc100d,405,316,263,337,233,5.152210,4.647460,292,13,4524,156,158.7229,158.7229,160.4802,5500928,5312512
brc100d,406,286,288,164,305,5.638510,42.878430,416,19,4561,120,160.4387,160.4386,161.6102,5505024,5308416
brc100d,407,289,315,427,269,3.453830,2.137250,529,15,1043,17,162.0244,162.0244,162.6102,0,5308416
brc100d,408,234,254,309,250,4.284890,2.324040,709,19,3092,89,161.5097,161.5097,163.2670,0,5308416
brc100d,409,269,308,134,298,4.927280,2.370420,512,19,3571,103,161.0245,161.0244,161.6102,0,5308416
brc100d,410,240,305,105,314,5.225360,2.331330,462,18,3666,87,164.4092,164.4092,164.4092,0,5308416
brc100d,411,306,285,297,154,4.045670,2.182340,1360,12,2358,39,164.5097,164.5097,165.0955,0,5308416
brc100d,412,343,245,224,179,4.598330,2.362400,536,32,2654,87,165.3504,165.3503,165.9361,0,5308416
brc100d,413,238,316,124,253,5.185550,2.302880,553,16,4003,94,167.0661,167.0660,167.6518,0,5308416
brc100d,414,131,357,108,263,4.050310,2.205560,267,20,2235,106,163.4681,163.4681,165.8112,0,5308416
brc100d,415,251,322,391,271,3.850710,2.163800,421,19,1961,63,167.7524,167.7523,167.7523,0,5308416
brc100d,416,136,255,241,317,4.516380,2.328340,475,25,3061,91,165.1666,165.1665,165.7523,0,5308416
brc100d,417,141,378,109,262,4.325200,2.275440,643,21,2477,104,164.8357,164.8356,165.4214,0,5308416
brc100d,418,110,260,187,291,6.059660,2.456160,273,13,5588,187,164.6935,164.6934,165.8650,0,5312512
brc100d,419,201,288,145,255,4.938760,2.377750,230,15,4636,115,163.1666,163.1665,164.3381,0,5308416
brc100d,420,166,318,294,270,4.728900,2.298420,765,19,3042,65,169.0955,169.0955,169.6812,0,5308416
brc100d,421,352,228,230,312,3.727690,2.193950,711,19,1739,49,168.9950,168.9950,170.1665,0,5308416
brc100d,422,267,283,150,306,6.199170,2.246470,520,21,4046,101,169.1960,169.1960,169.7817,5435392,5308416
brc100d,423,118,293,221,268,7.862740,2.501180,662,34,4878,164,168.7524,168.7523,169.3381,5513216,5312512
brc100d,424,337,394,313,264,6.145900,2.129840,216,8,1927,47,168.1077,168.1077,168.6934,5373952,5308416
brc100d,425,294,284,159,364,5.313180,2.101020,816,10,1398,46,169.3087,169.3087,170.4802,5378048,5308416
brc100d,426,272,269,201,231,8.675890,2.452270,511,26,5437,147,167.9534,167.9533,169.7107,5517312,5312512
brc100d,427,295,302,302,166,51.143420,2.329230,1397,23,5228,92,168.4803,168.4803,169.0660,5521408,5308416
brc100d,428,305,135,398,268,6.633330,2.386810,2056,43,2851,132,171.5220,171.5219,171.5219,5439488,5312512
brc100d,429,177,335,168,208,7.164220,2.301960,518,26,4072,105,169.3382,169.3381,170.5097,5435392,5308416
brc100d,430,326,196,254,314,5.966750,2.163470,581,25,2374,61,174.5098,174.5097,175.0955,5423104,5308416
brc100d,431,300,184,293,323,5.931730,2.148340,673,21,2434,31,172.5514,172.5513,172.5513,5423104,5308416
brc100d,432,143,380,156,253,6.381820,2.162480,445,14,2860,83,172.2499,172.2498,173.4214,5423104,5308416
brc100d,433,216,323,122,228,6.733360,2.293920,533,26,3676,86,171.1666,171.1665,172.3381,5435392,5308416
brc100d,434,226,320,150,235,8.111150,2.315510,466,16,5436,122,174.7230,174.7229,175.3087,5513216,5308416
brc100d,435,378,242,282,255,8.075690,2.723860,254,29,6253,301,172.3382,172.3381,172.9239,5521408,5324800
brc100d,436,222,280,336,242,7.543770,2.319120,548,20,4244,105,171.6225,171.6224,172.7939,5509120,5308416
brc100d,437,239,166,378,242,5.877130,2.177910,1935,35,2333,64,174.6225,174.6224,174.6224,5431296,5308416
brc100d,438,281,278,307,201,8.161430,2.714780,443,13,5826,161,172.4803,172.4803,173.6518,5517312,5312512
brc100d,439,379,262,250,163,6.321240,2.287590,544,41,2406,108,172.2499,172.2498,174.0071,5423104,5308416
brc100d,440,108,256,136,387,7.053110,2.343380,527,19,4153,162,175.1250,175.1249,176.8822,5509120,5312512
brc100d,441,321,203,248,321,5.857340,2.244870,631,20,2323,54,178.4803,178.4803,179.0660,5423104,5308416
brc100d,442,318,377,359,237,5.967370,2.197950,311,19,1738,52,178.3798,178.3798,179.5513,5378048,5308416
brc100d,443,302,247,217,247,9.158560,2.475420,737,17,5645,161,175.6519,175.6518,176.8234,5521408,5312512
brc100d,444,368,211,245,316,5.943230,2.158950,713,19,2116,52,177.6225,177.6224,178.7939,5423104,5308416
brc100d,445,278,228,187,337,8.341070,2.277120,547,17,3153,111,178.9117,178.9117,179.4975,5431296,5308416
brc100d,446,153,234,225,313,6.697950,2.341800,403,29,3956,141,178.8651,178.8651,179.4508,5431296,5312512
brc100d,447,92,275,128,352,7.157790,38.472510,198,20,5043,191,174.5392,174.5391,178.6396,5505024,5324800
brc100d,448,417,257,270,185,4.220350,4.475400,1778,37,2404,123,176.8235,176.8234,176.8234,5431296,5308416
brc100d,449,121,368,234,262,3.883820,4.153520,1063,23,1960,84,178.3798,178.3797,178.9655,5386240,5308416
brc100d,450,228,257,346,261,4.223260,4.414230,804,17,2940,88,181.7229,181.7229,182.3087,5427200,5308416
brc100d,451,319,237,340,237,4.850090,4.627690,245,12,4779,184,182.0367,182.0366,183.2081,5505024,5312512
brc100d,452,220,260,114,372,4.236990,4.362630,509,14,2382,93,179.9240,179.9239,180.5097,5423104,5308416
brc100d,453,301,351,169,368,4.178540,4.267510,407,12,1969,69,180.5808,180.5807,181.7523,5378048,5308416
brc100d,454,359,253,221,276,4.859900,4.464190,512,49,3410,159,181.9362,181.9361,182.5219,5431296,5312512
brc100d,455,361,212,246,301,5.205740,4.177370,364,36,4113,139,180.2082,180.2082,181.9655,5505024,5312512
brc100d,456,220,285,89,313,4.821220,4.953610,472,15,3607,81,181.1666,181.1665,181.7523,5431296,5308416
brc100d,457,235,259,349,257,4.375080,4.051310,891,17,2842,79,181.4803,181.4803,182.0660,5427200,5308416
brc100d,458,161,283,232,293,4.295220,4.279930,383,35,3249,120,178.4215,178.4214,180.1787,5427200,5308416
brc100d,459,269,210,236,259,4.861700,4.446710,313,9,5011,163,181.5980,181.5980,182.7695,5509120,5312512
brc100d,460,336,389,294,239,4.453040,4.168620,262,13,2795,60,186.7524,186.7523,187.9239,5423104,5308416
brc100d,461,318,193,277,270,6.478240,4.524510,259,40,7191,253,183.9239,183.9239,185.0955,5529600,5316608
brc100d,462,356,202,280,259,6.727430,4.889390,229,33,7688,346,185.5097,185.5097,187.2670,5529600,5324800
brc100d,463,155,276,123,352,5.791100,4.570380,215,16,5865,208,181.1960,181.1960,184.7107,5513216,5312512
brc100d,464,389,267,265,251,6.732690,4.854010,623,29,5594,288,184.8529,184.8528,185.4386,5517312,5324800
brc100d,465,97,268,135,344,5.941300,4.294530,314,16,6022,224,180.0244,180.0244,184.1249,5517312,5312512
brc100d,466,325,219,223,304,4.477940,4.051580,466,25,3059,63,187.0661,187.0660,187.6518,5423104,5308416
brc100d,467,360,186,302,344,4.913980,36.721890,433,27,2704,92,186.9950,186.9950,187.5807,5423104,5308416
brc100d,468,329,206,232,311,10.503790,2.144540,524,26,2647,65,186.5098,186.5097,187.0955,5431296,5308416
brc100d,469,270,260,390,232,8.112100,2.420350,987,26,5208,144,185.9656,185.9655,186.5513,5517312,5312512
brc100d,470,227,243,127,367,6.066440,2.425230,413,12,3493,115,188.8945,188.8945,189.4802,5427200,5308416
brc100d,471,231,322,396,257,3.493040,2.210660,1090,17,1572,37,191.9240,191.9239,191.9239,0,5308416
brc100d,472,236,271,264,194,4.727230,2.361600,503,17,4107,115,187.6691,187.6691,189.4264,0,5308416
brc100d,473,226,239,128,308,5.223930,2.358590,287,9,4292,129,188.5808,188.5807,189.1665,0,5312512
brc100d,474,303,338,434,267,3.619730,2.168640,546,12,1359,47,191.1960,191.1960,191.7817,0,5308416
brc100d,475,129,364,83,237,4.179980,2.242400,290,12,2507,109,190.8235,190.8234,191.9949,0,5308416
brc100d,476,354,226,317,247,8.058420,3.568320,552,33,8648,425,188.0073,188.0071,189.7645,0,5324800
brc100d,477,405,265,302,266,5.850960,4.600550,356,21,6116,295,188.7524,188.7523,189.3381,5517312,5324800
brc100d,478,290,316,121,298,5.270580,2.795030,569,20,4091,109,191.3676,191.3676,191.3675,5435392,5308416
brc100d,479,94,349,209,284,5.504740,2.720860,593,23,4815,166,187.3382,187.3381,188.5097,0,5312512
brc100d,480,307,345,304,185,6.487340,2.746850,1013,20,6413,143,195.2083,195.2082,195.2081,5525504,5312512
brc100d,481,137,294,281,279,5.843470,2.909230,547,35,4787,106,193.6519,193.6518,194.2376,5513216,5308416
brc100d,482,329,193,278,261,7.620750,3.708970,271,38,7968,318,190.4387,190.4386,192.1960,0,5324800
brc100d,483,227,260,334,239,5.700130,2.819100,621,22,5019,133,193.3798,193.3797,194.5513,5513216,5312512
brc100d,484,315,234,187,344,5.418720,2.739170,428,18,4064,131,192.8945,192.8945,194.0660,5431296,5312512
brc100d,485,342,251,184,334,3.489260,2.586540,1045,14,1538,56,195.3087,195.3087,195.8944,5386240,5308416
brc100d,486,286,240,363,225,5.724680,3.101210,370,24,5412,162,193.2377,193.2376,195.5807,5513216,5312512
brc100d,487,413,265,243,322,3.589790,3.110730,1142,10,1618,49,195.2671,195.2670,195.2670,5386240,5308416
brc100d,488,189,339,341,250,40.895530,2.229970,853,29,2805,71,192.9656,192.9655,194.1371,5427200,5308416
brc100d,489,232,315,322,200,9.871300,2.579460,619,23,8641,203,194.5808,194.5808,195.1665,5677056,5312512
brc100d,490,150,233,239,303,6.905250,2.396350,535,31,4567,164,196.7646,196.7646,197.3503,5509120,5312512
brc100d,491,93,236,184,302,8.628440,2.363470,383,17,6660,244,197.1078,197.1077,199.4508,5525504,5312512
brc100d,492,380,238,319,250,8.563560,3.058390,488,29,8242,416,196.3210,196.3208,196.9066,5672960,5324800
brc100d,493,94,268,235,279,7.885580,2.537100,548,22,5220,178,197.9068,197.9066,198.4924,5517312,5312512
brc100d,494,358,229,312,241,9.199050,3.206930,556,27,9221,450,194.6935,194.6934,196.4508,5685248,5324800
brc100d,495,316,242,374,238,6.767110,2.579030,674,36,5058,181,197.0783,197.0783,197.6640,5513216,5312512
brc100d,496,154,226,238,319,6.752550,2.413950,302,25,3773,137,197.7940,197.7940,198.3797,5431296,5312512
brc100d,497,223,308,88,240,8.722760,2.471560,385,21,5352,151,198.5220,198.5219,199.6934,5513216,5312512
brc100d,498,328,151,277,314,7.181290,2.301280,575,21,4087,107,197.3382,197.3381,197.9239,5435392,5308416
brc100d,499,384,257,248,184,9.262200,2.933250,286,31,6963,374,197.0072,197.0072,197.5929,5525504,5324800
brc100d,500,345,208,277,234,9.009130,3.067790,266,28,8995,439,202.0244,202.0244,203.7817,5677056,5324800
brc100d,501,219,269,376,263,6.626180,2.251290,966,18,3026,78,202.6225,202.6224,203.2081,5427200,5308416
brc100d,502,281,252,351,191,7.357320,2.399120,548,20,5198,167,201.8529,201.8528,203.6102,5517312,5312512
brc100d,503,116,310,288,304,6.415070,2.198640,878,23,2715,69,200.1666,200.1665,200.1665,5427200,5308416
brc100d,504,280,190,211,276,6.987270,2.631050,406,17,4617,182,199.9534,199.9533,200.5391,5509120,5312512
brc100d,505,260,155,295,301,7.785880,2.448430,489,22,4002,161,199.3920,199.3919,201.1493,5431296,5312512
brc100d,506,233,307,95,239,8.792590,2.396350,459,23,6000,151,202.3504,202.3503,203.5219,5517312,5312512
brc100d,507,156,230,186,287,7.762540,2.448590,330,13,6054,234,199.1077,199.1077,200.2792,5517312,5312512
brc100d,508,275,230,326,212,51.301390,2.469640,290,9,5433,161,202.4387,202.4386,203.6102,5513216,5312512
brc100d,509,238,292,347,198,7.700570,2.353020,821,37,5798,144,200.7230,200.7229,202.4802,5521408,5312512
brc100d,510,274,289,112,312,7.729430,2.365630,540,24,4689,126,206.5808,206.5807,207.1665,5513216,5308416
brc100d,511,235,276,93,329,8.427210,2.374910,281,11,5568,126,205.4509,205.4508,206.6224,5513216,5308416
brc100d,512,365,236,206,287,7.665060,2.542150,992,45,4432,163,206.5930,206.5930,207.1787,5509120,5312512
brc100d,513,294,323,311,146,8.749730,2.459310,1593,24,6472,122,205.5808,205.5807,205.5807,5533696,5308416
brc100d,514,238,275,324,211,9.685020,2.647350,529,24,8148,224,205.9656,205.9655,207.1371,5537792,5312512
brc100d,515,334,173,265,275,9.433920,2.679540,284,38,7822,282,203.8945,203.8945,205.0660,5533696,5324800
brc100d,516,126,355,281,293,6.353480,2.238000,533,20,2599,82,203.5514,203.5513,204.7229,5427200,5308416
brc100d,517,299,246,205,228,7.746170,2.512700,887,18,5921,177,201.8651,201.8650,204.2081,5521408,5312512
brc100d,518,414,276,302,262,8.513060,2.799730,330,21,6414,319,206.3087,206.3087,206.8944,5521408,5324800
brc100d,519,281,185,260,316,6.760220,2.242890,810,28,3799,103,204.2499,204.2498,205.4214,5435392,5308416
brc100d,520,267,217,330,219,7.341200,2.404390,278,9,5252,168,210.0955,210.0955,211.8528,5513216,5312512
brc100d,521,226,311,363,197,8.010400,2.381480,1053,41,4956,118,208.9656,208.9655,210.1371,5517312,5308416
brc100d,522,241,189,380,269,5.946930,2.233290,825,43,1996,90,208.2205,208.2204,209.3919,5382144,5308416
brc100d,523,407,275,255,146,7.170250,2.711730,1118,39,3575,238,210.7058,210.7056,211.2914,5435392,5312512
brc100d,524,245,170,300,300,7.410960,2.740500,468,22,3837,152,210.2205,210.2203,211.3919,5431296,5312512
brc100d,525,316,159,293,285,9.776330,2.727850,199,35,8227,347,209.3087,209.3087,211.0660,5668864,5324800
brc100d,526,59,256,197,316,8.807300,2.434710,211,22,6558,226,209.8235,209.8234,210.9949,5517312,5312512
brc100d,527,298,279,133,380,5.988170,2.211960,1055,11,1978,51,208.0072,208.0072,209.1787,5386240,5308416
brc100d,528,206,229,292,236,6.305510,37.879480,503,24,4167,135,206.2377,206.2376,209.1665,5505024,5320704
brc100d,529,337,216,204,287,6.257840,4.667960,1029,50,4962,125,211.1372,211.1371,211.7229,5517312,5308416
brc100d,530,317,206,317,243,7.940750,5.158000,715,27,10436,485,213.2499,213.2498,214.4214,5693440,5324800
brc100d,531,315,203,271,236,7.266920,4.853550,285,25,9808,438,211.6519,211.6518,212.8234,5685248,5324800
brc100d,532,307,199,314,255,7.849800,5.178450,474,29,10128,483,211.1494,211.1493,212.3208,5685248,5324800
brc100d,533,284,309,150,259,7.821290,4.368810,311,26,7947,204,213.2793,213.2793,214.4508,5533696,5312512
brc100d,534,58,284,237,314,4.395970,4.173900,376,17,2777,104,212.9656,212.9656,212.9655,5423104,5308416
brc100d,535,326,218,207,284,5.910910,4.359860,917,55,5337,133,211.9362,211.9361,213.1077,5517312,5312512
brc100d,536,305,296,133,279,6.244560,4.321190,453,22,5412,142,212.6225,212.6224,213.2081,5513216,5312512
brc100d,537,236,277,308,211,8.041100,4.785490,326,22,9419,268,212.0073,212.0072,213.7645,5681152,5324800
brc100d,538,142,270,292,302,4.833620,4.438530,1049,38,3900,109,211.6225,211.6224,212.7939,5439488,5308416
brc100d,539,302,202,309,249,7.668370,4.896650,490,23,10407,487,214.1494,214.1493,215.3208,5689344,5324800
brc100d,540,224,299,347,189,6.986130,4.460740,706,37,7259,186,218.1372,218.1371,219.3087,5533696,5312512
brc100d,541,131,374,279,263,5.968220,4.569850,533,23,4845,142,215.6519,215.6518,216.2376,5513216,5312512
brc100d,542,56,232,160,369,5.588320,4.340830,667,20,5055,172,215.9534,215.9534,216.5391,5513216,5312512
brc100d,543,316,210,213,290,5.673500,4.644650,892,47,5542,146,215.5930,215.5930,216.1787,5517312,5312512
brc100d,544,267,196,189,347,5.391820,4.252090,381,19,4197,142,217.3260,217.3259,218.4975,5505024,5312512
brc100d,545,291,250,320,194,5.570480,4.362370,525,9,5868,164,215.9362,215.9361,217.6934,5521408,5312512
brc100d,546,359,187,241,293,6.831280,4.729490,390,47,6941,241,214.4509,214.4508,216.2081,5525504,5312512
brc100d,547,108,275,291,305,5.261400,4.265310,990,32,4223,112,218.6225,218.6224,218.6224,5509120,5308416
brc100d,548,249,163,289,307,5.102700,46.377130,478,22,3982,164,214.2916,214.2914,216.0488,5431296,5312512
brc100d,549,128,300,299,355,4.759070,4.455630,368,20,3199,88,218.6519,218.6518,219.2376,5427200,5308416
brc100d,550,196,293,325,216,8.319830,5.422850,403,18,8803,249,221.6225,221.6224,222.2081,5677056,5312512
brc100d,551,57,259,196,302,7.625800,4.959290,221,23,7492,280,222.0661,222.0661,223.2376,5525504,5324800
brc100d,552,242,277,362,197,5.735330,4.214550,1047,36,5477,152,221.2793,221.2793,223.0366,5521408,5312512
brc100d,553,327,385,375,214,4.050930,4.145830,469,25,2232,73,219.4925,219.4925,221.2498,5419008,5308416
brc100d,554,124,304,266,260,8.372250,4.965640,359,37,8341,238,221.0955,221.0955,221.6812,5672960,5312512
brc100d,555,233,254,97,265,5.546590,4.374390,1054,18,4643,133,220.3210,220.3209,220.9066,5517312,5312512
brc100d,556,151,225,134,349,7.232950,4.646380,225,12,7657,324,220.2377,220.2376,222.5807,5525504,5324800
brc100d,557,356,242,186,284,5.684510,4.381130,1249,45,4660,156,220.5930,220.5930,221.1787,5517312,5312512
brc100d,558,238,309,431,276,4.784520,4.096960,737,18,3217,63,221.5808,221.5807,221.5807,5431296,5308416
brc100d,559,384,217,287,240,8.932470,6.080100,289,26,9394,448,218.5514,218.5513,220.8944,5681152,5324800
brc100d,560,310,243,337,192,6.040180,4.421860,359,19,6217,220,224.3504,224.3503,226.1077,5521408,5312512
brc100d,561,143,275,294,283,5.446240,4.416000,833,40,4716,130,223.2499,223.2498,226.1787,5513216,5312512
brc100d,562,331,278,148,378,3.605190,4.299600,1184,13,1777,55,224.4215,224.4214,224.4214,5386240,5308416
brc100d,563,77,238,226,294,6.566510,4.444520,494,28,6215,234,223.2499,223.2498,225.0071,5521408,5312512
brc100d,564,267,204,368,235,6.011970,4.630750,334,24,5282,175,222.8945,222.8945,224.0660,5513216,5312512
brc100d,565,266,204,322,220,5.890600,4.673250,254,10,5443,175,225.8235,225.8234,227.5807,5513216,5312512
brc100d,566,217,262,123,229,5.634260,4.358300,451,15,5406,137,224.1372,224.1371,225.8944,5513216,5312512
brc100d,567,242,325,290,178,9.531280,4.715980,908,24,10310,274,223.9778,223.9777,224.5635,5693440,5324800
brc100d,568,233,296,320,175,8.825860,7.359660,663,20,9809,242,226.4509,226.4508,227.0366,5689344,5312512
brc100d,569,187,285,58,275,38.549530,2.413230,585,34,4746,146,226.3798,226.3797,227.5513,5517312,5312512
brc100d,570,212,323,334,192,10.942730,2.803710,511,30,10091,301,229.2083,229.2082,230.3797,5689344,5324800
brc100d,571,193,312,356,207,9.034490,2.569570,754,33,6578,176,228.6519,228.6518,229.8234,5525504,5312512
brc100d,572,224,174,407,262,6.846790,2.612460,2857,55,3910,205,230.2205,230.2204,230.2204,5451776,5312512
brc100d,573,323,260,143,378,6.521910,2.244070,1272,17,2167,59,230.0489,230.0488,231.2204,5427200,5308416
brc100d,574,273,294,255,154,10.012460,2.584050,771,35,8743,241,229.6053,229.6052,231.9483,5681152,5312512
brc100d,575,290,264,126,318,8.879870,2.527080,482,29,6381,176,230.2082,230.2082,231.3797,5521408,5312512
brc100d,576,294,212,165,317,8.582720,2.578910,363,17,6458,194,228.5097,228.5097,229.0955,5521408,5312512
brc100d,577,271,299,260,153,10.210430,2.744450,852,37,9232,250,227.8773,227.8773,229.6346,5685248,5312512
brc100d,578,297,308,97,316,7.678940,2.319700,532,22,5075,133,230.1666,230.1665,230.7523,5513216,5312512
brc100d,579,305,228,162,366,7.060350,2.437260,824,18,4041,136,227.1078,227.1077,228.2792,5435392,5312512
brc100d,580,316,246,350,182,7.099250,2.556950,536,21,5221,193,230.9362,230.9361,232.6934,5517312,5312512
brc100d,581,224,181,404,274,6.668820,2.319930,2195,47,3098,132,235.0906,235.0905,235.0904,5443584,5312512
brc100d,582,121,342,294,340,6.487180,2.156850,265,10,2688,88,234.0367,234.0366,235.7939,5423104,5308416
brc100d,583,316,243,313,189,7.849690,2.588590,688,11,6111,200,231.4926,231.4925,232.6640,5521408,5312512
brc100d,584,310,170,245,292,10.187080,2.801460,245,35,9258,324,232.8651,232.8650,234.0366,5677056,5324800
brc100d,585,263,250,307,176,8.213060,2.730040,886,15,6608,163,231.2793,231.2793,232.4508,5525504,5312512
brc100d,586,125,270,286,267,9.714920,2.511340,799,31,8064,189,233.1788,233.1788,234.3503,5537792,5312512
brc100d,587,288,317,86,322,7.744260,2.398300,570,23,4775,120,231.9950,231.9950,233.1665,5513216,5308416
brc100d,588,367,217,189,302,8.040800,2.476610,891,35,4623,137,233.6935,233.6935,234.8650,5513216,5312512
brc100d,589,207,230,360,262,53.011930,2.303450,778,16,3222,107,231.0072,231.0071,232.1787,5431296,5308416
brc100d,590,174,362,54,213,7.960410,2.351590,512,20,4983,155,237.5930,237.5930,239.3503,5513216,5312512
brc100d,591,194,303,63,227,8.734480,2.539290,348,25,6233,192,233.9362,233.9361,236.2792,5521408,5312512
brc100d,592,272,233,337,179,8.007640,2.571390,382,20,6360,198,237.4093,237.4092,239.1665,5521408,5312512
brc100d,593,58,240,226,302,9.056180,2.553430,324,33,7023,237,238.1494,238.1493,239.3208,5525504,5312512
brc100d,594,324,256,139,380,6.193040,2.192380,1141,17,2305,61,237.5342,237.5341,238.7056,5427200,5308416
brc100d,595,229,272,147,211,7.811110,2.604360,573,13,5733,138,235.5930,235.5930,236.7645,5521408,5312512
brc100d,596,120,254,288,283,9.061320,2.501900,578,29,6910,225,236.0783,236.0783,237.2498,5529600,5312512
brc100d,597,231,281,332,179,10.452120,2.801990,519,25,9663,260,236.5220,236.5219,237.6934,5685248,5324800
brc100d,598,355,234,185,351,7.238030,2.325310,708,29,3369,122,234.5220,234.5219,236.2792,5431296,5308416
brc100d,599,58,241,221,299,9.245280,2.511610,332,29,7402,251,238.0784,238.0783,239.8356,5529600,5312512
brc100d,600,225,253,389,233,6.594200,2.279510,1213,32,3686,125,241.5636,241.5635,242.1493,5439488,5308416
brc100d,601,319,183,212,294,9.513270,2.735140,676,36,8722,275,240.6935,240.6935,241.2792,5681152,5324800
brc100d,602,120,289,265,247,11.018570,2.804350,287,22,10043,324,243.0661,243.0660,243.6518,5685248,5324800
brc100d,603,167,367,58,211,8.012900,2.464900,367,18,5496,169,242.7646,242.7645,243.9361,5513216,5312512
brc100d,604,281,158,260,270,9.381690,2.998110,316,35,8716,410,241.2915,241.2914,242.4630,5677056,5324800
brc100d,605,124,305,319,262,7.258790,2.323360,928,39,4187,111,239.6641,239.6640,240.8356,5509120,5308416
brc100d,606,214,327,428,271,6.765830,2.431820,839,24,3300,62,243.8235,243.8234,243.8234,5431296,5308416
brc100d,607,235,263,414,265,6.943280,2.229100,686,20,3276,96,240.8235,240.8234,241.4092,5431296,5308416
brc100d,608,296,187,222,282,9.009820,2.638400,438,41,8639,299,241.1911,241.1909,242.3625,5672960,5324800
brc100d,609,284,214,311,200,31.612480,13.417380,512,11,5877,175,238.7230,238.7229,240.4802,5521408,5328896
brc100d,610,336,167,292,252,8.537690,5.094380,265,21,11278,499,242.7646,242.7645,244.5219,5697536,5324800
brc100d,611,296,319,239,180,10.399570,3.000770,450,47,12623,362,243.3626,243.3625,244.5341,5705728,0
brc100d,612,339,172,213,317,6.963350,2.494930,781,21,5900,169,243.6519,243.6518,244.8234,5521408,0
brc100d,613,81,312,272,282,8.901430,2.550630,494,32,6528,187,244.5808,244.5808,245.1665,5521408,5312512
brc100d,614,418,274,212,281,7.917940,2.778280,734,40,4470,222,245.3504,245.3503,245.3503,5509120,5312512
brc100d,615,177,350,388,262,6.285670,2.192820,1618,22,2548,51,247.4509,247.4508,247.4508,5431296,5308416
brc100d,616,210,304,294,186,10.979430,2.887220,572,18,10630,301,245.9068,245.9067,246.4924,5693440,5324800
brc100d,617,225,234,320,219,9.664460,2.741540,431,21,8549,268,246.0073,246.0072,247.1787,5672960,5324800
brc100d,618,104,314,286,263,9.358010,2.522560,782,45,7463,199,246.3798,246.3797,246.9655,5533696,5312512
brc100d,619,302,252,314,162,8.035700,2.487520,846,11,6428,180,243.2793,243.2793,244.4508,5525504,5312512
brc100d,620,324,228,213,226,11.729700,2.978660,1043,41,12862,474,248.3210,248.3209,249.4924,5718016,5324800
brc100d,621,403,258,184,333,6.116380,2.168360,1668,13,2507,78,250.0661,250.0661,250.0660,5431296,5308416
brc100d,622,412,266,219,260,9.423570,2.847780,886,37,7302,336,248.8651,248.8650,249.4508,5533696,5324800
brc100d,623,278,193,203,226,7.673750,2.645700,818,19,5897,201,246.5098,246.5097,248.8528,5521408,5312512
brc100d,624,188,281,348,201,9.487560,2.725930,624,28,7341,210,249.1788,249.1787,250.3503,5533696,5312512
brc100d,625,130,302,280,227,10.717350,2.803840,494,36,9803,295,248.9240,248.9239,249.5097,5685248,5324800
brc100d,626,312,169,216,325,8.439000,2.512110,1004,30,7183,233,249.8651,249.8650,250.4508,5533696,5312512
brc100d,627,244,319,65,232,10.052440,2.556010,334,22,7815,224,248.9362,248.9361,250.6934,5533696,5312512
brc100d,628,233,260,352,188,8.516040,2.889060,972,44,6925,205,246.8651,246.8651,248.6224,5529600,5312512
brc100d,629,293,175,317,250,12.535060,37.362440,392,18,10622,553,247.1911,247.1909,248.3625,5689344,5357568
brc100d,630,125,294,299,241,8.637610,4.649430,564,40,9360,246,253.5930,253.5929,254.1787,5685248,5312512
brc100d,631,265,248,299,158,6.416790,4.423650,1083,14,7116,170,253.7646,253.7645,254.9361,5533696,5312512
brc100d,632,304,194,338,398,5.474280,4.296300,707,45,4708,173,252.0489,252.0488,252.0488,5513216,5312512
brc100d,633,306,284,141,247,8.424060,5.482920,417,36,8758,238,253.9068,253.9067,255.0782,5677056,5312512
brc100d,634,256,156,247,315,6.147880,4.472100,698,24,5592,220,253.8479,253.8478,255.6051,5517312,5312512
brc100d,635,132,339,265,258,6.452540,4.494090,308,17,5848,159,252.0661,252.0660,253.2376,5517312,5312512
brc100d,636,224,261,320,186,8.787450,4.847170,661,16,10091,277,252.4215,252.4214,253.5929,5689344,5324800
brc100d,637,312,249,123,317,7.704050,4.550680,499,25,7807,236,254.5636,254.5635,255.7351,5533696,5312512
brc100d,638,117,263,311,269,6.397930,4.401180,844,35,6235,177,253.6053,253.6052,255.3625,5525504,5312512
brc100d,639,65,208,222,319,6.040480,4.437770,392,21,5303,142,250.9362,250.9361,252.6934,5513216,5312512
brc100d,640,184,301,54,218,6.560470,4.931360,485,28,6330,209,253.3921,253.3920,256.3209,5521408,5312512
brc100d,641,136,381,325,384,4.936160,4.207690,569,15,3593,113,256.6347,256.6346,257.2203,5435392,5308416
brc100d,642,320,381,318,159,6.531870,4.369340,1805,17,5445,95,256.7940,256.7939,256.7939,5525504,5308416
brc100d,643,431,270,298,224,8.122820,5.375360,516,25,9578,468,258.8235,258.8234,259.4091,5685248,5324800
brc100d,644,193,307,322,179,9.368650,4.652500,580,12,10417,271,257.0661,257.0660,257.6518,5693440,5324800
brc100d,645,356,195,271,197,8.441650,5.149780,385,15,10858,502,257.4092,257.4092,259.1665,5693440,5324800
brc100d,646,52,267,228,271,8.006860,4.572080,564,31,8804,346,257.9067,257.9067,259.6640,5681152,5324800
brc100d,647,61,230,244,314,7.007780,4.527940,797,28,6798,188,254.6641,254.6640,256.4214,5529600,5312512
brc100d,648,316,166,304,235,8.000750,5.233790,514,15,10918,537,256.2793,256.2792,257.4508,5697536,5341184
brc100d,649,345,188,222,255,9.589860,49.259240,623,33,11773,498,256.0073,256.0071,257.7645,5705728,5324800
brc100d,650,326,389,131,299,5.942640,4.154130,535,17,4821,127,261.2499,261.2498,261.8356,5513216,5308416
brc100d,651,319,181,296,211,7.658300,5.254170,547,18,11262,535,262.3798,262.3797,263.5513,5701632,5341184
brc100d,652,284,224,132,315,8.072940,4.833690,340,17,8516,242,262.2377,262.2376,263.4091,5672960,5312512
brc100d,653,317,171,337,383,7.882820,5.107680,493,32,7703,361,261.1788,261.1787,261.7645,5533696,5324800
brc100d,654,231,257,332,177,8.638950,4.753070,491,24,9861,288,262.5220,262.5219,263.6934,5685248,5324800
brc100d,655,275,256,159,280,9.463500,5.378200,228,13,11112,288,260.4509,260.4508,262.2082,5689344,5324800
brc100d,656,421,273,269,208,9.466320,5.754130,594,21,9937,504,260.6813,260.6812,261.2670,5689344,5324800
brc100d,657,129,384,313,236,6.162910,4.333550,1116,28,5156,122,262.8773,262.8772,263.4630,5521408,5308416
brc100d,658,121,250,276,257,8.670520,4.751660,366,25,9689,303,260.6935,260.6935,261.8650,5681152,5324800
brc100d,659,285,195,325,194,5.067270,4.667720,308,10,5449,228,259.1666,259.1666,260.3381,5513216,5312512
brc100d,660,274,315,229,187,10.666280,4.844110,407,45,13555,426,264.8896,264.8895,266.6468,5713920,5324800
brc100d,661,225,176,271,311,5.270660,4.281970,582,23,4799,182,263.3332,263.3331,264.5046,5513216,5312512
brc100d,662,415,263,222,245,9.173320,4.881300,941,41,10115,419,264.3799,264.3798,264.9655,5689344,5324800
brc100d,663,224,182,278,293,6.361520,4.368360,350,28,6264,267,264.7474,264.7473,266.5046,5521408,5324800
brc100d,664,129,246,266,253,8.761630,2.717310,269,20,10204,341,265.3798,265.3798,266.5513,5685248,0
brc100d,665,222,272,285,180,8.429520,2.848360,494,19,10363,300,262.7474,262.7473,264.5046,5689344,0
brc100d,666,305,236,301,162,6.074830,2.562250,1144,13,6959,195,265.9068,265.9067,267.0782,5533696,0
brc100d,667,153,218,272,287,6.605490,2.646740,399,25,7278,252,264.3504,264.3503,265.5219,5529600,0
brc100d,668,278,169,308,241,8.167340,3.378330,351,17,10633,554,264.6763,264.6762,265.8477,5689344,0
brc100d,669,308,139,314,263,8.510050,44.831680,190,16,10231,571,262.7352,262.7351,264.4924,5681152,5357568
brc100d,670,171,369,342,217,8.081540,4.542160,697,41,7701,206,267.9778,267.9777,270.3209,5537792,5312512
brc100d,671,119,238,264,264,8.971260,4.925340,299,25,10089,351,267.3504,267.3503,268.5219,5685248,5324800
brc100d,672,188,302,321,176,9.128300,4.889020,416,14,10384,289,267.5514,267.5513,268.1371,5689344,5324800
brc100d,673,287,227,116,377,5.749420,4.511940,1068,19,4461,123,271.2083,271.2082,271.7939,5513216,5308416
brc100d,674,225,257,60,266,7.050280,4.501520,441,13,7281,216,267.5220,267.5219,268.6934,5529600,5312512
brc100d,675,318,147,241,279,8.241020,4.843450,288,41,10300,423,267.2083,267.2082,268.3797,5689344,5324800
brc100d,676,125,374,296,223,7.044390,4.497130,1018,24,6845,184,268.6935,268.6935,269.2792,5529600,5312512
brc100d,677,303,248,149,277,8.996860,4.906390,202,14,10426,288,268.8063,268.8062,270.5635,5685248,5324800
brc100d,678,298,170,281,219,7.380970,5.068700,322,23,10235,466,267.8651,267.8650,269.0366,5685248,5324800
brc100d,679,282,223,118,375,5.110980,4.327320,1038,21,4443,133,270.3087,270.3087,270.8944,5513216,5312512
brc100d,680,272,245,94,360,5.582990,4.405350,610,23,4877,134,271.8946,271.8945,273.0660,5513216,5312512
brc100d,681,139,301,358,243,6.478240,4.971700,846,44,5632,158,274.4631,274.4630,275.0488,5521408,5312512
brc100d,682,323,147,271,228,8.105150,5.056000,332,25,10145,507,272.3382,272.3381,273.5097,5685248,5324800
brc100d,683,159,374,332,217,8.810200,5.051630,671,31,8406,219,273.8062,273.8062,274.9777,5677056,5312512
brc100d,684,131,268,292,229,8.708260,4.540890,773,28,10524,290,273.1788,273.1788,274.3503,5693440,5324800
brc100d,685,277,238,100,368,5.306060,4.278360,631,23,4366,130,271.6519,271.6518,272.2376,5509120,5312512
brc100d,686,225,236,315,192,8.285860,5.180050,571,18,10251,303,273.0783,273.0782,274.2498,5693440,5324800
brc100d,687,234,276,294,156,9.138810,4.698940,1299,19,11637,295,274.0489,274.0488,275.2203,5705728,5324800
brc100d,688,66,242,218,255,7.539860,4.469780,540,14,8675,319,272.4215,272.4214,274.1787,5677056,5324800
brc100d,689,326,201,211,230,10.221340,47.393370,1059,38,12673,489,271.3210,271.3209,272.4924,5713920,5324800
brc100d,690,313,151,220,278,8.396700,5.311650,410,48,9476,393,274.9778,274.9778,276.1493,5681152,5324800
brc100d,691,169,218,236,262,6.004400,4.466430,885,22,6467,259,275.8773,275.8772,278.2203,5525504,5324800
brc100d,692,175,325,314,189,10.020450,4.913780,578,22,11506,329,276.6641,276.6640,277.8356,5701632,5324800
brc100d,693,269,212,299,169,6.124070,4.886720,1075,15,6866,189,277.1078,277.1077,278.2792,5533696,5312512
brc100d,694,128,303,358,251,5.403420,4.605640,2199,45,4855,125,277.2205,277.2204,277.2203,5525504,5308416
brc100d,695,279,202,290,179,5.337940,4.466790,632,18,6301,199,278.3504,278.3503,279.5219,5525504,5312512
brc100d,696,121,270,285,227,9.286500,5.234160,554,26,10983,306,275.2499,275.2498,276.4214,5697536,5324800
brc100d,697,275,227,312,146,5.706570,4.334440,949,11,6432,165,277.2377,277.2376,278.4091,5525504,5312512
brc100d,698,288,233,148,276,9.060230,5.309060,179,14,10287,291,276.1788,276.1787,277.9361,5685248,5324800
brc100d,699,238,256,317,163,8.297520,4.673800,442,15,9993,287,275.8651,275.8651,277.0366,5685248,5324800
brc100d,700,358,204,203,229,11.129440,5.272190,607,36,13070,543,278.5342,278.5341,280.8772,5713920,5341184
brc100d,701,330,170,186,339,6.422560,4.786220,1122,24,6494,211,280.5220,280.5219,281.1076,5529600,5312512
brc100d,702,242,317,52,203,8.258520,4.423190,393,18,8664,244,282.1494,282.1493,283.9066,5672960,5312512
brc100d,703,299,244,153,262,8.895810,4.713870,200,15,10625,309,280.5342,280.5341,282.2914,5685248,5324800
brc100d,704,310,140,280,230,7.720010,5.219040,320,24,10170,535,281.4803,281.4803,282.6518,5685248,5341184
brc100d,705,196,300,315,157,9.158670,4.730510,618,11,10721,284,281.8651,281.8650,282.4508,5693440,5324800
brc100d,706,75,242,275,291,8.221190,4.537630,528,28,8752,285,279.0073,279.0072,280.7645,5681152,5324800
brc100d,707,361,254,131,376,4.210660,4.083120,1858,16,2683,70,280.5342,280.5341,280.5341,5435392,5308416
brc100d,708,256,315,53,221,8.499000,4.543730,310,18,8308,244,278.5636,278.5635,280.3209,5672960,5312512
brc100d,709,283,208,324,158,5.145260,48.278350,391,9,5608,174,280.9240,280.9239,282.0955,5517312,5312512
brc100d,710,303,245,98,268,8.318260,4.743690,960,26,9052,270,286.5342,286.5341,287.1198,5681152,5324800
brc100d,711,332,239,124,293,7.241940,4.723310,908,51,7281,200,283.4631,283.4630,284.0488,5533696,5312512
brc100d,712,300,280,93,239,10.204300,4.917540,549,25,10889,331,283.7057,283.7057,286.0488,5697536,5324800
brc100d,713,337,398,281,169,7.423040,5.064540,938,21,7325,207,286.1616,286.1615,286.1615,5533696,5312512
brc100d,714,218,231,318,185,8.330930,4.763200,578,16,10167,300,286.7352,286.7351,287.9066,5689344,5324800
brc100d,715,221,319,252,157,9.725700,5.086010,565,35,11751,318,285.0906,285.0905,286.2620,5701632,5324800
brc100d,716,238,175,308,271,8.557760,5.891990,177,24,9838,526,283.2033,283.2031,286.1320,5681152,5341184
brc100d,717,220,310,298,131,9.674820,4.631320,1432,17,12084,280,286.7646,286.7645,287.3503,5709824,5324800
brc100d,718,257,154,219,316,6.169200,4.660920,766,20,6505,277,283.8479,283.8478,285.6051,5525504,5324800
brc100d,719,315,231,302,151,6.121510,4.706950,1232,13,7131,218,285.6347,285.6346,286.8061,5533696,5312512
brc100d,720,152,307,401,260,4.337460,4.189030,1688,26,3094,63,290.0072,290.0072,290.0071,5439488,5308416
brc100d,721,132,254,345,266,6.605820,4.419610,1405,31,6909,193,290.4631,290.4630,291.0488,5533696,5312512
brc100d,722,276,245,136,230,8.633510,4.930090,366,13,10266,265,288.9656,288.9655,290.1371,5693440,5324800
brc100d,723,122,221,289,262,7.531190,4.999820,610,25,8592,273,290.4926,290.4925,291.6640,5677056,5324800
brc100d,724,191,306,313,152,9.366320,4.834020,731,12,10751,283,290.2083,290.2082,290.7939,5701632,5324800
brc100d,725,272,151,286,239,7.797000,5.397230,268,24,10384,556,287.6053,287.6051,291.1198,5689344,5341184
brc100d,726,264,273,59,283,7.042420,4.489670,556,34,7273,187,287.3504,287.3503,288.5219,5533696,5312512
brc100d,727,265,168,230,270,7.803430,4.995140,539,43,10270,422,286.4043,286.4041,288.1615,5693440,5324800
brc100d,728,275,229,272,161,8.780230,4.505600,596,39,9395,248,285.2916,285.2915,288.2203,5685248,5312512
brc100d,729,147,370,321,213,9.674960,48.232420,510,25,10861,309,289.7769,289.7767,290.3625,5697536,5324800
brc100d,730,192,292,288,165,9.551120,4.841320,1054,21,11703,312,292.3626,292.3625,292.9483,5705728,5324800
brc100d,731,284,253,103,238,9.581320,4.903580,506,23,10776,282,292.7352,292.7351,294.4924,5693440,5324800
brc100d,732,51,200,215,280,8.207210,4.960740,324,22,8293,332,292.6347,292.6346,294.9777,5672960,5324800
brc100d,733,86,321,284,238,9.774390,4.973310,787,41,10635,338,292.0367,292.0366,293.2082,5705728,5324800
brc100d,734,296,235,263,157,7.501290,4.903960,814,37,8491,245,292.2621,292.2621,295.5757,5677056,5312512
brc100d,735,89,266,321,257,6.880440,4.589230,816,30,6698,224,292.4043,292.4042,293.5757,5529600,5312512
brc100d,736,371,261,129,280,7.900800,4.808160,666,52,7730,310,293.7769,293.7767,294.3625,5537792,5324800
brc100d,737,144,242,299,243,8.769450,4.674430,521,24,10300,292,294.2916,294.2915,295.4630,5693440,5324800
brc100d,738,263,164,238,266,8.132650,5.145970,373,39,10824,461,290.7474,290.7473,292.5046,5693440,5324800
brc100d,739,335,387,130,263,6.844230,4.409340,449,19,6476,168,291.1911,291.1909,292.9483,5521408,5312512
brc100d,740,63,244,288,329,7.445960,4.675510,551,23,7565,239,295.0783,295.0782,296.8356,5537792,5312512
brc100d,741,296,186,214,229,9.833560,5.443110,915,42,12663,518,298.5048,298.5046,299.6762,5709824,5341184
brc100d,742,354,196,156,371,5.392670,4.287610,1354,30,4662,145,298.6053,298.6052,299.7767,5517312,5312512
brc100d,743,154,310,304,199,12.414830,5.256380,454,34,15520,454,298.0195,298.0194,298.6051,5730304,5324800
brc100d,744,320,373,89,268,6.774130,4.261330,887,29,6211,172,298.1910,298.1909,299.9483,5525504,5312512
brc100d,745,375,245,133,288,8.388820,4.898970,685,46,8630,310,297.0905,297.0905,297.0904,5677056,5324800
brc100d,746,269,244,136,222,8.963630,4.693540,392,13,10302,271,297.5514,297.5513,298.7229,5701632,5324800
brc100d,747,396,255,146,369,4.133520,4.096800,1480,16,2823,75,297.2205,297.2204,297.2203,5431296,5308416
brc100d,748,318,247,92,351,7.914890,4.811790,648,26,7933,229,298.7768,298.7768,299.9483,5537792,5312512
brc100d,749,56,278,297,346,5.528870,46.866390,367,17,4433,138,297.4925,297.4925,298.6640,5509120,5312512
brc100d,750,132,372,351,215,7.257410,4.584550,956,41,6677,204,302.7769,302.7767,303.9483,5529600,5312512
brc100d,751,259,144,211,316,7.151040,4.774180,642,17,7006,308,301.0195,301.0193,302.7767,5529600,5324800
brc100d,752,152,208,311,348,5.429720,4.396900,493,27,4967,171,303.2916,303.2914,303.8772,5513216,5312512
brc100d,753,388,272,137,288,7.946670,4.662740,611,42,7566,329,302.3626,302.3625,302.9483,5533696,5324800
brc100d,754,288,272,79,240,10.190920,4.723820,486,23,11378,328,298.5636,298.5635,300.3209,5701632,5324800
brc100d,755,224,242,317,157,8.466370,5.067680,712,14,10469,303,301.6641,301.6640,302.8356,5705728,5324800
brc100d,756,127,343,301,216,7.251890,4.775910,1041,24,6951,174,300.4215,300.4214,301.5929,5545984,5312512
brc100d,757,108,372,275,199,8.572200,4.835320,474,28,9247,259,300.1666,300.1666,300.7523,5693440,5324800
brc100d,758,349,230,118,290,8.641180,4.884040,902,57,9228,282,302.6053,302.6052,303.7767,5685248,5324800
brc100d,759,124,247,328,384,6.544900,4.370940,626,34,6400,166,302.0195,302.0194,303.1909,5525504,5312512
brc100d,760,283,168,177,338,6.729180,4.523330,1092,25,7725,285,307.2621,307.2620,307.8477,5545984,5324800
brc100d,761,262,154,218,270,7.683930,4.984240,533,50,9749,417,304.8602,304.8600,307.2031,5689344,5324800
brc100d,762,123,285,322,227,12.462150,5.426420,379,33,14083,437,303.9190,303.9189,304.5046,5718016,5324800
brc100d,763,318,260,102,237,10.786040,5.076110,524,23,10801,320,301.8185,301.8184,304.1615,5697536,5324800
brc100d,764,54,238,276,291,8.792910,4.609150,423,31,9842,337,304.5636,304.5636,306.3209,5697536,5324800
brc100d,765,156,206,313,291,5.503800,4.391740,1049,36,5903,211,305.8062,305.8062,306.9777,5537792,5312512
brc100d,766,55,227,286,307,7.546630,4.415760,918,40,7998,242,305.0489,305.0489,306.8061,5550080,5312512
brc100d,767,258,164,200,290,6.976860,4.846490,833,31,8846,330,305.0612,305.0610,306.2325,5681152,5324800
brc100d,768,245,183,277,243,6.996920,5.220740,197,23,9561,493,303.9484,303.9483,306.2914,5681152,5324800
brc100d,769,265,250,97,229,8.571510,43.511780,626,24,10619,284,302.5636,302.5635,304.3209,5705728,5324800
brc100d,770,327,223,113,308,8.686490,4.686640,949,58,9232,265,311.2916,311.2915,311.8772,0,5324800
brc100d,771,130,231,335,261,7.032410,4.564300,1058,35,7073,228,308.3626,308.3625,309.5341,5545984,5312512
brc100d,772,374,230,131,386,4.569680,4.297620,2054,31,3250,101,309.9606,309.9605,310.5462,5443584,5308416
brc100d,773,276,141,230,267,8.342870,5.326960,525,37,10943,509,307.7474,307.7473,309.5046,5697536,5328896
brc100d,774,276,217,92,276,8.531460,4.765380,454,24,9579,276,310.1788,310.1788,310.7645,5693440,5324800
brc100d,775,271,190,309,154,6.276190,4.837800,1044,12,6908,210,309.1372,309.1371,310.3087,5545984,5312512
brc100d,776,353,228,126,272,12.513750,5.768270,835,57,12850,503,309.2327,309.2326,310.9899,5713920,5324800
brc100d,777,265,213,124,245,7.908320,4.837230,561,15,9610,271,309.6935,309.6935,310.8650,5697536,5324800
brc100d,778,135,379,366,218,7.197310,4.677180,899,41,5344,144,308.2327,308.2326,309.4041,5517312,5312512
brc100d,779,359,197,146,373,5.623650,4.361870,1387,32,5087,152,310.5048,310.5046,311.6762,5521408,5312512
brc100d,780,242,156,206,325,6.530260,4.522570,1061,23,6947,299,312.9901,312.9899,314.1615,5537792,5324800
brc100d,781,157,374,357,185,8.975660,4.618450,1069,44,8607,234,312.8479,312.8478,314.6051,5693440,5312512
brc100d,782,218,237,329,152,8.387300,4.675530,466,17,10292,305,311.6641,311.6640,312.8356,5701632,5324800
brc100d,783,143,223,304,244,7.923690,4.801920,920,26,9421,321,311.4631,311.4631,312.6346,5697536,5324800
brc100d,784,180,334,311,145,10.486020,4.904280,1042,25,12906,350,314.0073,314.0072,314.5929,5730304,5324800
brc100d,785,346,199,136,299,11.113840,5.089180,662,48,12736,449,311.4631,311.4630,312.6346,5722112,5324800
brc100d,786,216,320,231,165,12.845410,5.360890,485,53,16732,470,311.5048,311.5047,312.6762,6017024,5324800
brc100d,787,82,316,343,257,6.047000,4.436030,1670,43,5640,182,312.7769,312.7767,312.7767,5541888,5312512
brc100d,788,271,154,192,306,7.129760,4.693240,612,22,8105,330,312.5048,312.5046,315.4336,5550080,5324800
brc100d,789,380,262,112,310,7.100720,47.383100,746,51,6726,231,313.5636,313.5635,313.5635,5541888,5312512
brc100d,790,285,283,51,244,10.036370,4.792010,658,28,11556,337,316.8063,316.8062,318.5635,5713920,5324800
brc100d,791,121,295,324,209,12.330330,5.762390,551,32,15066,477,318.9484,318.9483,319.5341,5742592,5324800
brc100d,792,164,374,427,273,6.157030,4.182280,891,29,4907,120,318.9778,318.9777,319.5635,5525504,5308416
brc100d,793,229,259,279,141,9.133520,5.036560,1458,22,12106,331,314.3332,314.3331,316.6762,5722112,5324800
brc100d,794,66,241,298,346,7.931610,4.371400,575,27,8121,242,314.4631,314.4630,316.2203,5550080,5312512
brc100d,795,94,275,338,389,6.931050,4.635950,665,24,6112,194,318.8185,318.8184,319.9899,5533696,5312512
brc100d,796,82,249,259,252,10.118890,4.805270,334,18,12612,449,317.2205,317.2204,318.9777,5718016,5324800
brc100d,797,163,362,285,184,12.306380,5.449240,640,36,14409,426,316.7180,316.7179,317.8894,5730304,5324800
brc100d,798,113,237,298,226,9.923490,5.347710,923,30,11464,374,317.1200,317.1199,318.2914,5713920,5324800
brc100d,799,298,258,149,207,9.258030,4.773180,469,17,11340,316,316.7769,316.7767,317.9483,5709824,5324800
brc100d,800,276,231,98,228,8.806040,4.857170,654,21,10519,283,320.5636,320.5636,322.3209,5705728,5324800
brc100d,801,262,275,58,234,10.669530,5.176380,573,32,11932,342,319.8773,319.8773,321.6346,5718016,5324800
brc100d,802,336,383,248,173,10.710610,5.053770,381,39,12567,334,319.5464,319.5463,321.3036,5718016,5324800
brc100d,803,328,219,128,350,8.909990,4.992730,594,64,9679,269,319.7769,319.7767,320.9483,5697536,5324800
brc100d,804,148,265,375,261,6.722340,4.569220,1712,38,6775,186,319.6764,319.6762,320.8477,5550080,5312512
brc100d,805,90,262,330,391,7.040830,4.909230,695,20,6678,221,321.2327,321.2326,321.8183,5541888,5312512
brc100d,806,284,195,153,280,8.900620,5.217910,209,17,10793,360,319.7646,319.7646,322.1076,5701632,5324800
brc100d,807,378,234,112,308,8.647070,5.013160,755,40,8347,295,322.3332,322.3331,322.3330,5689344,5324800
brc100d,808,341,261,152,230,15.798600,5.653350,767,31,19540,758,319.9901,319.9900,320.5757,6045696,5341184
brc100d,809,267,231,99,232,8.544630,49.237410,560,24,10687,296,318.3210,318.3209,320.0782,5705728,5324800
brc100d,810,324,229,128,254,12.421970,5.401810,619,40,15694,555,323.5759,323.5757,324.7473,5746688,5341184
brc100d,811,229,169,215,291,7.565110,5.073480,561,30,8481,374,323.2033,323.2031,324.9604,5689344,5324800
brc100d,812,65,292,341,268,6.134130,4.483460,1799,38,6024,180,325.7058,325.7057,325.7056,5541888,5312512
brc100d,813,59,266,272,249,11.209910,5.985310,260,17,12380,466,325.8651,325.8651,327.0366,5718016,5324800
brc100d,814,100,237,297,236,10.862850,5.459930,472,30,12200,383,322.6347,322.6346,324.4336,5713920,5324800
brc100d,815,96,275,342,235,9.705600,5.317190,758,32,9836,283,326.2327,326.2326,327.4041,5701632,5324800
brc100d,816,291,205,97,260,7.875310,4.933310,970,29,9009,280,325.8773,325.8773,326.4630,5693440,5324800
brc100d,817,249,192,290,236,7.594450,6.183620,307,26,10472,543,324.5048,324.5046,327.4336,5701632,5341184
brc100d,818,278,196,101,265,7.701760,4.920260,837,25,8936,280,323.4215,323.4214,324.0071,5693440,5324800
brc100d,819,217,280,241,182,12.328550,5.546670,540,59,17257,485,325.5881,325.5880,327.3452,6025216,5324800
brc100d,820,96,368,375,249,4.581980,4.551950,2110,40,3285,109,331.6053,331.6052,331.6051,5455872,5308416
brc100d,821,196,314,234,163,12.772170,3.399270,503,51,17026,489,326.8479,326.8478,328.0193,6021120,0
brc100d,822,357,247,128,243,14.123420,3.646810,697,44,16189,647,326.9901,326.9900,328.7473,5750784,0
brc100d,823,286,210,137,228,10.412580,3.261730,320,13,10383,321,330.5220,330.5219,331.6934,5701632,5324800
brc100d,824,368,242,107,262,12.649290,3.098900,854,66,11449,425,328.1028,328.1027,328.6884,5713920,5324800
brc100d,825,119,270,356,214,11.687370,2.713850,996,42,10592,286,328.7891,328.7889,330.5462,5705728,5324800
brc100d,826,311,141,215,239,11.205070,3.358560,953,37,12600,573,326.8773,326.8773,328.6346,5722112,5341184
brc100d,827,59,254,273,259,12.158650,3.005000,294,22,12034,445,328.2793,328.2793,329.4508,5713920,5324800
brc100d,828,161,371,317,165,12.500430,2.980240,580,19,12229,349,328.1910,328.1909,329.3625,5718016,5324800
brc100d,829,311,204,121,311,14.427530,35.778950,671,40,11921,380,330.1616,330.1615,330.7473,5718016,5332992
brc100d,830,307,196,126,296,10.115420,5.019010,754,46,12469,404,333.5758,333.5757,334.1615,5722112,5324800
brc100d,831,92,235,302,232,9.982820,4.826120,841,27,11771,353,333.4337,333.4336,335.1909,5713920,5324800
brc100d,832,373,208,118,310,10.405460,5.139350,692,57,11062,377,333.4753,333.4753,334.6468,5709824,5324800
brc100d,833,96,341,339,240,10.326020,5.218010,892,42,10351,302,334.7769,334.7768,335.9483,5705728,5324800
brc100d,834,339,201,128,320,11.715120,4.959490,437,50,13793,478,332.4337,332.4336,334.1909,5726208,5324800
brc100d,835,353,240,97,359,6.769680,4.441310,726,42,6140,197,332.1616,332.1615,333.3330,5533696,5312512
brc100d,836,393,239,114,298,9.276620,4.278710,826,44,8619,331,332.4337,332.4336,332.4336,5689344,5324800
brc100d,837,312,290,52,244,9.937420,2.642200,558,32,10712,282,333.4631,333.4630,334.6346,5705728,0
brc100d,838,340,230,86,358,6.747070,2.513590,778,37,5739,144,335.0195,335.0194,335.6051,5533696,0
brc100d,839,310,198,140,312,12.929630,3.107330,300,50,13734,452,331.1616,331.1615,332.9188,5726208,5324800
brc100d,840,352,186,136,310,14.120170,3.165670,357,42,13941,493,334.5342,334.5341,336.2914,5730304,5324800
brc100d,841,120,244,353,234,10.989770,2.677520,692,41,10356,323,338.0612,338.0610,339.8183,5705728,5324800
brc100d,842,118,265,361,214,11.095960,2.675020,924,39,10110,279,336.2744,336.2743,338.0315,5701632,5324800
brc100d,843,79,245,291,241,12.247990,2.852870,465,29,12971,427,336.3921,336.3920,338.7351,5722112,5324800
brc100d,844,375,228,111,264,13.927850,3.433110,868,57,13544,529,339.0023,339.0022,339.5879,5730304,5341184
brc100d,845,127,223,337,389,8.833730,2.456590,644,29,6502,187,336.0906,336.0905,337.8477,5537792,5312512
brc100d,846,411,262,118,307,9.066900,2.682430,693,42,7595,279,337.3210,337.3209,337.3209,5545984,0
brc100d,847,150,239,293,202,10.758130,2.859710,1047,29,11712,388,335.8063,335.8062,336.9777,5718016,5324800
brc100d,848,354,222,105,260,14.349990,3.575270,931,52,14489,596,338.1028,338.1027,339.2742,5738496,5341184
brc100d,849,90,239,337,255,9.682050,42.370140,973,30,8962,286,336.4043,336.4042,338.1615,5693440,5328896
brc100d,850,319,170,142,376,6.918890,4.628790,1448,30,8204,267,341.0906,341.0904,341.6762,5693440,5324800
brc100d,851,317,374,58,269,8.837680,4.554070,595,26,9019,263,341.9484,341.9483,343.1198,5693440,5324800
brc100d,852,324,187,123,367,7.676050,5.299360,900,38,8166,234,341.4337,341.4336,342.0193,5550080,5312512
brc100d,853,152,221,341,246,7.488370,4.576290,881,35,8571,294,341.6469,341.6469,342.8183,5689344,5324800
brc100d,854,339,394,130,222,8.014130,4.504150,499,16,8727,221,339.9190,339.9189,341.6762,5689344,5312512
brc100d,855,338,215,120,250,13.323950,5.539080,540,39,16156,563,339.9190,339.9189,341.0904,5750784,5341184
brc100d,856,157,256,370,235,7.119800,4.587880,1482,53,7690,252,339.9312,339.9311,341.6884,5554176,5312512
brc100d,857,413,273,122,294,9.041590,4.267020,824,41,8314,348,340.2916,340.2914,340.2914,5689344,5324800
brc100d,858,126,347,398,258,4.655570,4.086430,2148,28,3345,90,340.1200,340.1199,340.7056,5455872,5308416
brc100d,859,136,225,361,251,6.727750,2.540060,1757,44,7452,246,342.5048,342.5047,343.0904,5554176,0
brc100d,860,110,265,394,270,8.184840,2.547120,786,34,8622,257,344.0611,344.0610,344.0610,5689344,0
brc100d,861,91,231,326,388,7.086680,2.484000,694,26,7536,213,343.0612,343.0610,344.8183,5545984,0
brc100d,862,387,257,90,318,7.736320,2.716730,891,48,7710,277,347.9484,347.9483,347.9483,5550080,0
brc100d,863,154,207,307,232,8.144540,2.803760,961,27,10233,348,345.2621,345.2621,347.0193,5701632,0
brc100d,864,88,357,351,224,8.649390,3.041150,1252,51,8555,239,343.9901,343.9900,345.1615,5693440,0
brc100d,865,282,289,51,199,11.642950,2.970980,560,20,13913,384,342.8479,342.8478,345.1909,5734400,0
brc100d,866,220,264,237,186,15.188270,3.348860,666,68,18300,537,344.2449,344.2448,346.5879,6033408,5341184
brc100d,867,111,276,348,202,12.476700,39.385290,817,43,12488,370,342.9901,342.9900,344.7473,5722112,5341184
brc100d,868,306,200,116,280,10.405250,4.977740,797,51,13545,445,346.6175,346.6174,347.2031,5730304,5324800
brc100d,869,93,278,334,221,10.672590,5.031240,643,33,12493,363,343.6469,343.6468,344.8183,5722112,5324800
brc100d,870,365,218,92,370,5.416380,4.253250,1266,31,4128,116,348.1616,348.1615,349.3330,5525504,5308416
brc100d,871,87,348,376,267,7.421870,4.395190,1141,42,7049,200,348.6763,348.6762,349.2620,5545984,5312512
brc100d,872,227,248,243,180,12.464010,6.022540,562,53,15625,489,348.8602,348.8600,351.2031,5746688,5324800
brc100d,873,297,211,104,226,9.445110,4.238030,670,21,10595,329,347.8479,347.8478,350.1909,5705728,5324800
brc100d,874,139,234,378,254,6.762070,2.478840,2093,42,7523,225,350.5048,350.5047,351.0904,5558272,0
brc100d,875,390,267,94,359,6.016420,2.336450,593,38,5076,147,348.7769,348.7767,349.3625,5525504,0
brc100d,876,117,273,365,198,11.941210,2.832290,1066,42,11563,330,349.2744,349.2742,350.4457,5718016,5324800
brc100d,877,373,228,89,304,11.368340,2.964970,886,54,9931,338,349.4043,349.4042,349.9899,5701632,5324800
brc100d,878,292,209,95,233,11.438800,2.946140,531,26,11056,327,350.1200,350.1199,351.8772,5709824,5324800
brc100d,879,323,188,110,306,12.496060,2.985060,575,42,12568,398,350.1200,350.1199,350.7056,5722112,5324800
brc100d,880,100,252,388,265,9.990070,2.696730,989,33,7869,261,351.9606,351.9605,353.1320,5550080,5324800
brc100d,881,271,235,176,206,13.417170,3.053780,527,38,14388,391,350.5930,350.5930,352.3503,5738496,5324800
brc100d,882,310,180,127,389,8.746780,2.533970,1776,36,7848,258,355.2033,355.2032,355.7889,5558272,5324800
brc100d,883,93,326,380,242,8.428950,2.523570,2276,59,6689,202,352.1617,352.1615,352.7473,5554176,5312512
brc100d,884,280,205,227,180,11.663580,2.917800,373,40,12838,373,350.5759,350.5758,352.3330,5722112,5324800
brc100d,885,173,210,280,233,10.532050,2.969770,603,24,10713,385,352.4926,352.4925,354.2498,5705728,5324800
brc100d,886,110,278,409,258,9.528860,2.507860,2066,32,7155,199,352.8479,352.8478,352.8477,5554176,5312512
brc100d,887,132,249,355,206,22.612860,28.333150,1012,42,11731,360,351.9901,351.9900,353.7473,5713920,5345280
brc100d,888,339,218,95,335,11.303750,4.864840,875,75,12772,395,353.2916,353.2915,354.4630,5722112,5324800
brc100d,889,111,269,411,262,6.978940,4.521220,1502,27,6998,188,355.9190,355.9189,355.9188,5545984,5312512
brc100d,890,300,224,58,274,9.851710,4.854940,563,27,11053,347,354.8773,354.8772,356.0488,5709824,5324800
brc100d,891,362,208,91,315,10.915100,4.791230,1082,62,11948,406,357.4043,357.4042,358.5757,5722112,5324800
brc100d,892,348,206,110,251,14.834200,3.484120,719,39,15953,617,356.2033,356.2032,357.9604,5750784,5341184
brc100d,893,303,206,154,278,14.892190,3.450680,328,42,17962,660,356.1028,356.1027,358.4457,6029312,5341184
brc100d,894,291,266,57,212,13.488310,2.998360,328,20,13646,384,354.0905,354.0905,357.0193,5726208,5324800
brc100d,895,115,305,316,178,15.733770,3.342890,692,18,17442,562,357.6053,357.6052,358.1909,6029312,5341184
brc100d,896,425,275,121,379,6.395580,2.269410,1913,22,3310,103,357.0195,357.0194,357.0193,5451776,5308416
brc100d,897,355,204,104,262,15.603080,3.463080,822,40,15298,600,356.6886,356.6884,357.8600,5742592,5341184
brc100d,898,56,273,324,388,10.255090,2.558080,1015,35,9052,267,355.6764,355.6762,356.8477,5693440,5324800
brc100d,899,175,217,332,266,7.630930,2.638810,1351,30,6623,243,357.0612,357.0611,358.8183,5541888,5312512
brc100d,900,378,258,68,294,10.955530,2.798540,798,51,9047,324,363.0195,363.0194,363.0193,5693440,5324800
brc100d,901,97,233,269,191,11.717190,3.253510,374,15,12927,452,359.0783,359.0783,360.8356,5722112,5324800
brc100d,902,321,216,91,332,12.991310,2.961230,704,68,12920,420,359.7474,359.7473,360.9188,5726208,5324800
brc100d,903,136,261,299,193,15.865250,3.309280,632,25,17915,565,362.1028,362.1027,363.2742,6029312,5341184
brc100d,904,51,259,301,236,12.705600,2.981110,548,25,12853,455,362.0195,362.0194,363.1909,5726208,5324800
brc100d,905,382,248,84,333,11.478580,2.922380,849,46,9272,325,362.4043,362.4042,362.9899,5697536,5324800
brc100d,906,106,273,316,195,15.782590,3.395020,679,31,16862,543,361.2033,361.2031,362.3747,6021120,5341184
brc100d,907,314,180,120,278,55.934080,3.235620,627,49,13937,480,360.1322,360.1321,360.7178,5734400,5324800
brc100d,908,57,246,292,243,13.778030,3.011080,458,26,13436,482,358.9778,358.9778,361.3209,5726208,5324800
brc100d,909,282,176,134,311,11.720540,3.084270,424,46,12780,438,361.2744,361.2742,362.4457,5718016,5324800
brc100d,910,381,231,141,233,17.229660,3.832970,468,27,19341,780,364.8601,364.8600,365.4457,6037504,5341184
brc100d,911,261,157,159,303,11.055830,3.109220,444,41,12014,437,362.1739,362.1737,364.5168,5713920,5324800
brc100d,912,129,284,325,159,14.821360,3.445120,505,25,16692,521,365.0905,365.0904,365.6762,6017024,5341184
brc100d,913,296,133,154,312,10.870910,2.957340,494,39,11373,378,366.5048,366.5046,367.0904,5709824,5324800
brc100d,914,391,247,93,332,11.819730,3.127040,677,48,10494,394,367.0906,367.0905,367.6762,5705728,5324800
brc100d,915,329,183,103,369,10.494730,2.703630,1037,25,9192,288,365.0195,365.0194,365.6051,5697536,5324800
brc100d,916,126,220,345,223,11.891640,2.848300,766,40,11440,384,365.4043,365.4042,367.7473,5713920,5324800
brc100d,917,118,275,301,184,15.846770,3.474050,805,22,18309,559,364.7596,364.7595,365.3452,6033408,5341184
brc100d,918,57,203,282,260,9.963820,3.333520,547,28,11610,420,365.3626,365.3626,367.7056,0,5324800
brc100d,919,294,169,136,313,10.135090,3.609600,354,48,13524,449,366.1322,366.1321,367.3036,0,5324800
brc100d,920,94,264,353,202,10.512050,5.085950,792,46,12419,379,367.0317,367.0316,368.2031,5722112,5324800
brc100d,921,123,373,300,166,13.158510,5.172580,1083,32,17298,507,370.7180,370.7179,371.3036,6029312,5324800
brc100d,922,301,180,131,268,11.564570,5.816170,534,42,15040,543,366.8601,366.8600,368.0315,5742592,5341184
brc100d,923,347,217,101,240,14.576800,5.708860,555,45,18057,679,367.1322,367.1321,369.4752,6033408,5341184
brc100d,924,306,181,132,350,10.928880,4.983470,385,49,13885,452,366.8896,366.8894,368.0610,5730304,5324800
brc100d,925,154,238,348,206,9.930540,4.954040,853,41,12221,384,368.3748,368.3748,370.1320,5718016,5324800
brc100d,926,130,228,367,223,8.961880,20.728450,938,54,10339,328,368.4754,368.4753,369.6468,5705728,5324800
brc100d,927,351,242,68,285,28.732740,3.491580,864,63,12378,416,367.0611,367.0610,368.8183,5730304,5324800
brc100d,928,435,269,137,273,12.706620,3.423800,626,39,11934,463,367.0195,367.0194,368.1909,5718016,5324800
brc100d,929,105,309,327,175,15.255190,3.463900,498,27,17139,548,368.5342,368.5341,369.1198,6021120,5341184
brc100d,930,106,370,296,182,15.152470,5.707260,711,31,18767,601,373.7891,373.7890,374.9604,0,5341184
brc100d,931,282,233,63,222,10.822940,4.780120,252,19,13452,378,370.8773,370.8773,373.2203,5722112,5324800
brc100d,932,326,153,123,369,7.993740,4.596820,847,29,9519,329,373.7769,373.7767,374.3625,5697536,5324800
brc100d,933,157,305,246,163,15.202770,6.418650,549,40,20462,700,372.8307,372.8306,374.5879,6049792,5341184
brc100d,934,128,389,305,161,12.557760,5.080270,1057,31,15862,445,375.2744,375.2743,375.8600,5750784,5324800
brc100d,935,99,268,319,191,13.033570,5.341170,686,31,16964,544,372.2033,372.2031,372.7889,6025216,5341184
brc100d,936,120,238,344,201,11.686750,5.072510,905,45,14369,472,370.8896,370.8895,372.6468,5738496,5324800
brc100d,937,122,317,322,158,13.601280,7.036680,642,19,17164,554,373.6764,373.6762,374.8477,6025216,5341184
brc100d,938,313,207,86,330,12.554900,6.174550,772,54,13017,413,372.1322,372.1321,373.3036,5726208,5324800
brc100d,939,111,316,315,170,14.827490,5.842450,930,23,18256,594,374.5759,374.5757,375.1615,6033408,5341184
brc100d,940,307,172,132,348,11.596380,5.443170,372,49,14307,474,377.4753,377.4752,378.6468,5730304,5324800
brc100d,941,362,201,86,273,14.273120,5.754710,868,41,15767,605,377.6886,377.6884,378.8600,5746688,5341184
brc100d,942,288,199,76,244,9.994500,4.885490,392,21,12079,393,376.2205,376.2204,377.9777,5713920,5324800
brc100d,943,302,206,133,235,12.676570,3.528220,453,35,17353,655,374.6175,374.6174,376.3747,6021120,0
brc100d,944,331,187,109,254,12.564520,3.367030,554,42,15489,573,375.2744,375.2743,377.0315,5746688,0
brc100d,945,401,274,92,335,10.339170,2.923430,734,46,10219,402,378.4337,378.4336,379.0193,5701632,0
brc100d,946,295,171,113,375,7.073040,46.685360,1494,26,8456,269,378.6175,378.6173,379.2031,5693440,5337088
brc100d,947,245,190,216,234,8.361350,5.400450,962,41,12620,568,376.5881,376.5879,378.9310,5722112,5341184
brc100d,948,63,273,341,230,11.112310,4.806310,793,44,12764,412,375.9190,375.9189,377.0904,5722112,5324800
brc100d,949,149,220,320,215,12.142740,5.317200,481,28,15698,542,377.7891,377.7890,378.9604,5742592,5341184
brc100d,950,133,300,260,165,14.074590,5.770900,529,33,20092,674,381.2450,381.2448,382.4163,6049792,5341184
brc100d,951,328,194,80,317,11.918150,5.950480,746,44,13260,428,379.0906,379.0905,380.2620,5726208,5324800
brc100d,952,270,210,60,239,10.798110,5.043190,504,23,12639,371,378.3210,378.3209,380.0782,5718016,5324800
brc100d,953,360,263,172,214,19.617490,4.146120,291,27,24104,916,382.0612,382.0610,383.2325,6078464,5341184
brc100d,954,141,230,319,199,16.058620,3.279090,584,26,16892,547,380.8896,380.8895,382.0610,6021120,5341184
brc100d,955,318,194,90,264,14.090290,3.195490,1343,57,15185,522,380.2744,380.2742,380.8600,5746688,5341184
brc100d,956,139,232,315,198,15.117480,3.396340,557,28,17331,560,380.7180,380.7179,381.8894,6025216,5341184
brc100d,957,356,234,84,242,17.554070,3.832420,523,42,18866,776,378.3749,378.3748,380.7178,6037504,5341184
brc100d,958,303,195,93,267,13.126500,3.254760,1058,55,14764,503,381.2449,381.2448,381.8305,5742592,5324800
brc100d,959,140,246,423,268,9.903840,2.627920,876,39,8393,236,382.2621,382.2620,382.8477,5689344,5312512
brc100d,960,74,250,268,192,12.611730,2.957600,360,15,13494,466,382.7352,382.7351,384.4924,5726208,5324800
brc100d,961,353,260,61,230,18.953000,3.320800,643,53,18620,626,386.0317,386.0316,387.7889,6037504,5341184
brc100d,962,322,178,99,272,13.345090,3.337530,762,53,15059,556,383.1322,383.1321,384.3036,5742592,5341184
brc100d,963,329,159,111,277,13.899880,3.287720,882,47,14459,534,386.8185,386.8184,387.4041,5738496,5341184
brc100d,964,292,204,172,206,12.578590,3.326360,523,36,13970,432,385.4631,385.4630,387.2203,5734400,5324800
brc100d,965,144,263,281,181,15.715510,3.596920,529,28,19415,638,385.8013,385.8012,387.5584,6041600,5341184
brc100d,966,109,254,293,190,61.281630,3.456410,490,22,18833,645,383.2866,383.2865,385.0437,6033408,5341184
brc100d,967,52,252,298,217,12.828820,3.048630,990,25,13760,490,385.5342,385.5341,386.7056,5730304,5324800
brc100d,968,60,258,278,202,12.596690,3.214920,630,19,13924,534,382.9362,382.9361,384.1076,5734400,5341184
brc100d,969,303,221,52,249,14.048470,3.431990,508,20,13086,418,386.5048,386.5047,387.7767,5722112,5324800
brc100d,970,276,213,61,223,13.112110,3.175810,255,18,13373,389,388.2205,388.2204,390.5635,5726208,5324800
brc100d,971,57,280,387,265,10.548000,2.739360,1288,48,8945,263,388.7474,388.7473,389.3330,5697536,5324800
brc100d,972,324,204,151,220,17.164250,3.849360,587,27,20835,782,387.9607,387.9605,389.1320,6053888,5341184
brc100d,973,92,338,364,197,14.034830,3.190440,1079,58,13724,442,388.8896,388.8895,390.6468,5734400,5324800
brc100d,974,346,211,66,283,15.776810,3.649000,725,48,16370,626,386.5759,386.5757,388.3330,5750784,5341184
brc100d,975,90,363,429,268,8.383640,2.336470,1074,35,5059,139,389.9484,389.9483,389.9483,5529600,5312512
brc100d,976,277,145,141,377,9.352620,3.333050,1364,29,8386,352,387.2449,387.2448,388.4163,5693440,5324800
brc100d,977,128,274,280,160,15.989970,3.376130,1116,30,20133,620,390.8013,390.8012,391.9727,6053888,5341184
brc100d,978,321,183,88,268,13.753350,3.343340,1103,52,15125,547,390.3749,390.3748,391.5462,5746688,5341184
brc100d,979,99,241,404,260,8.923940,2.577010,1904,33,8172,267,388.8185,388.8184,389.9899,5558272,5324800
brc100d,980,363,262,53,245,14.732120,4.253170,984,62,16885,588,394.6469,394.6468,395.8183,0,5341184
brc100d,981,52,214,272,219,10.524170,5.022770,277,15,12842,481,393.2916,393.2915,395.6346,5722112,5324800
brc100d,982,87,335,312,190,16.419780,5.593500,602,21,20430,691,394.1322,394.1321,395.3036,6049792,5341184
brc100d,983,336,196,68,296,12.076940,5.540290,625,44,14586,507,393.6469,393.6468,395.4041,5738496,5324800
brc100d,984,160,261,291,182,13.085770,5.923520,656,25,18750,626,393.3871,393.3870,395.1442,6037504,5341184
brc100d,985,54,227,305,222,10.877090,18.229540,1040,28,13133,453,390.1322,390.1321,392.4752,5730304,5324800
brc100d,986,146,211,370,218,30.225570,2.707910,943,47,10161,347,393.8602,393.8601,395.6173,5705728,5324800
brc100d,987,381,219,104,235,16.183610,3.834040,718,39,18052,731,391.6592,391.6590,394.0021,6033408,5341184
brc100d,988,382,230,64,281,14.151810,4.162880,814,60,14553,551,392.6886,392.6884,393.2742,5738496,5341184
brc100d,989,86,336,316,191,15.678520,5.838420,578,22,20097,685,392.8896,392.8895,394.0610,6049792,5341184
brc100d,990,361,246,60,250,16.262480,5.688260,750,55,19113,735,394.9312,394.9311,396.6884,6041600,5341184
brc100d,991,330,209,156,208,15.250320,5.878730,472,22,22120,822,396.3038,396.3037,398.0610,6062080,5341184
brc100d,992,317,182,140,232,13.593320,5.984490,464,35,18666,719,396.3038,396.3036,397.4752,6033408,5341184
brc100d,993,68,229,270,194,10.328500,4.905990,341,13,13235,442,397.4926,397.4925,399.8356,5722112,5324800
brc100d,994,367,255,57,242,14.867340,5.753870,867,52,18522,665,398.7891,398.7890,399.9604,6037504,5341184
brc100d,995,280,161,114,381,7.902170,4.814320,1659,27,8546,352,396.3160,396.3159,396.9016,5697536,5324800
brc100d,996,302,182,87,321,10.225270,5.097360,726,49,13294,428,395.2033,395.2032,396.3747,5726208,5324800
brc100d,997,175,216,344,231,8.439810,4.728660,839,36,10049,340,396.6175,396.6174,398.3747,5701632,5324800
brc100d,998,147,225,335,194,12.730380,5.087280,534,39,16477,581,395.0317,395.0316,396.7889,6021120,5341184
brc100d,999,262,165,120,317,9.789790,3.156460,551,42,12338,434,397.6297,397.6296,398.8011,5722112,0
brc100d,1000,145,248,293,175,15.888490,3.805570,878,23,19424,620,399.3160,399.3159,400.4874,6041600,5341184
brc100d,1001,412,270,63,295,11.451890,2.879900,770,40,9870,381,402.4337,402.4336,402.4336,5701632,5324800
brc100d,1002,309,157,141,257,15.349000,3.800600,355,40,17125,709,400.0317,400.0316,401.2031,6021120,5341184
brc100d,1003,333,176,144,233,16.460970,3.885100,528,32,19179,718,402.1322,402.1321,403.3036,6041600,5341184
brc100d,1004,310,162,153,254,15.204970,3.925250,338,37,18512,777,402.5881,402.5880,403.7595,6033408,5341184
brc100d,1005,301,183,142,234,49.215390,6.784370,486,37,18725,758,400.7596,400.7595,401.9310,6033408,5349376
brc100d,1006,316,163,87,308,10.775440,2.899760,601,43,13048,431,402.6764,402.6762,403.2620,5726208,0
brc100d,1007,314,146,110,319,12.429980,3.263470,557,44,13004,477,401.2327,401.2326,401.8183,5726208,5324800
brc100d,1008,268,161,124,275,11.994130,3.286840,527,51,13440,521,398.8430,398.8428,401.1859,5730304,5341184
brc100d,1009,134,308,248,165,17.458120,3.689230,366,35,21700,771,400.1445,400.1443,402.4874,6057984,5341184
brc100d,1010,52,255,378,263,10.601160,2.811390,1754,36,10197,362,405.9901,405.9900,406.5757,5709824,5324800
brc100d,1011,311,151,151,272,14.712040,4.019130,337,32,17623,739,402.5464,402.5463,404.3036,6025216,5341184
brc100d,1012,148,369,228,174,18.529680,4.207890,536,38,22510,812,406.5293,406.5291,407.7006,6066176,5341184
brc100d,1013,424,264,85,339,12.617210,2.948890,918,49,10761,396,404.1911,404.1910,404.7767,5709824,5324800
brc100d,1014,119,274,284,150,17.474810,3.433380,852,27,21064,655,406.3871,406.3870,407.5584,6057984,5341184
brc100d,1015,256,151,132,389,9.142340,2.837610,1383,26,7907,327,404.4998,404.4996,406.8427,5554176,5324800
brc100d,1016,356,225,174,207,19.475000,4.257190,328,22,23525,933,404.2744,404.2742,406.6173,6070272,5341184
brc100d,1017,417,279,146,223,18.033670,4.363440,560,19,20590,865,406.3038,406.3036,407.4752,6053888,5341184
brc100d,1018,380,218,59,284,14.893880,3.554780,884,58,15217,592,406.1028,406.1027,407.8600,5742592,5341184
brc100d,1019,106,260,288,166,16.598260,3.560540,1019,27,20120,657,406.3577,406.3575,406.9432,6049792,5341184
brc100d,1020,169,217,319,219,13.548140,3.357640,408,29,15495,541,408.7597,408.7596,411.1026,5742592,5341184
brc100d,1021,132,226,307,179,16.192830,3.415740,857,25,18767,627,407.7891,407.7890,408.9604,6037504,5341184
brc100d,1022,336,165,144,239,14.142570,3.749550,522,33,18851,723,408.3749,408.3747,409.5462,0,5341184
brc100d,1023,268,180,94,306,9.789370,3.159580,652,46,12747,416,409.9312,409.9311,411.3452,0,5324800
brc100d,1024,112,269,283,155,15.256470,4.755000,1301,28,20593,656,409.7008,409.7007,410.2864,0,5341184
brc100d,1025,351,231,57,233,49.236190,3.918600,485,44,20207,787,407.0023,407.0022,409.3452,6045696,5341184
brc100d,1026,307,152,150,258,14.944960,3.805120,361,37,17935,754,408.5881,408.5880,409.7595,6029312,5341184
brc100d,1027,245,157,127,289,11.483010,3.162870,562,46,12881,499,410.1151,410.1148,411.2864,5726208,5324800
brc100d,1028,61,204,288,217,12.496760,3.166970,793,27,13560,492,408.1911,408.1910,410.5341,5730304,5324800
brc100d,1029,322,159,123,241,12.881560,5.881620,631,38,16938,677,409.4754,409.4753,410.6468,0,5341184
brc100d,1030,276,206,52,209,10.787980,4.912780,304,19,13537,401,412.9485,412.9483,415.2914,5726208,5324800
brc100d,1031,304,153,155,265,12.875450,5.676000,368,35,18535,771,410.3454,410.3453,412.1026,6033408,5341184
brc100d,1032,277,170,87,306,10.138410,5.070120,663,48,12838,445,412.6591,412.6590,413.2447,5726208,5324800
brc100d,1033,395,261,169,205,18.237910,6.329390,373,17,23256,886,413.6470,413.6468,414.8183,6070272,5341184
brc100d,1034,343,234,58,219,17.080610,5.583160,415,47,20914,751,411.3455,411.3453,413.6884,6049792,5341184
brc100d,1035,91,315,275,166,14.982570,5.566260,680,27,20805,763,414.7303,414.7301,415.3158,6053888,5341184
brc100d,1036,142,230,287,179,13.601620,5.756090,684,25,19239,673,414.5587,414.5586,415.7300,6041600,5341184
brc100d,1037,274,153,124,319,9.714100,5.068980,462,51,13020,493,409.2866,409.2864,412.8011,5722112,5324800
brc100d,1038,292,169,90,266,10.934730,5.318900,1056,58,15040,531,415.2155,415.2154,415.8011,5746688,5341184
brc100d,1039,123,247,308,155,13.958280,5.397240,1095,19,19747,650,413.2744,413.2743,414.4457,6049792,5341184
brc100d,1040,305,147,95,366,8.347950,4.809600,719,31,10244,341,417.7180,417.7179,418.3036,5705728,5324800
brc100d,1041,88,237,353,187,12.625390,4.972820,966,48,15331,484,413.8602,413.8601,416.2031,5742592,5324800
brc100d,1042,322,150,88,358,10.156420,5.944070,627,35,11432,373,417.9901,417.9900,418.5757,5713920,5324800
brc100d,1043,306,145,93,372,7.591730,5.058140,1318,26,8737,310,418.8185,418.8184,419.4041,5697536,5324800
brc100d,1044,267,182,142,246,12.188820,46.643560,389,41,17925,710,415.5587,415.5585,417.3158,6029312,5349376
brc100d,1045,339,222,57,226,15.592140,5.527010,377,43,20423,732,415.1028,415.1027,417.4457,6045696,5341184
brc100d,1046,82,322,309,160,15.585810,5.525290,1044,19,21295,736,418.5464,418.5463,419.1320,6062080,5341184
brc100d,1047,52,201,273,209,10.905810,4.850080,349,14,13004,491,416.7058,416.7057,419.0488,5722112,5324800
brc100d,1048,316,156,137,238,12.913100,5.199820,451,40,17917,729,415.4754,415.4753,416.6468,6029312,5341184
brc100d,1049,143,277,260,157,15.448380,3.730760,691,32,20120,703,415.0146,415.0144,418.5290,6049792,5341184
brc100d,1050,244,167,115,306,11.109710,3.156120,602,40,12154,457,420.2155,420.2154,421.3869,5718016,5324800
brc100d,1051,299,131,128,267,13.482600,3.435880,538,39,15228,633,418.9312,418.9311,420.1026,5742592,5341184
brc100d,1052,250,191,139,295,10.778420,3.176530,572,46,12354,480,420.6298,420.6296,422.9727,5722112,5324800
brc100d,1053,86,332,301,167,17.644260,3.738410,1042,19,21484,738,419.1028,419.1027,420.2742,6062080,5341184
brc100d,1054,56,281,328,185,17.621350,4.198010,642,29,19559,683,419.5464,419.5464,420.7178,6045696,5341184
brc100d,1055,54,264,322,201,17.877580,3.644090,867,25,19253,695,422.2033,422.2032,423.3747,6041600,5341184
brc100d,1056,55,278,416,257,10.684930,2.600190,2107,45,9291,261,422.2327,422.2326,422.8183,5709824,5324800
brc100d,1057,359,191,56,278,15.792650,3.616910,736,43,16778,644,420.2744,420.2742,422.0315,6021120,5341184
brc100d,1058,93,335,288,169,17.197430,3.792810,899,25,21238,758,422.5881,422.5880,423.7595,6057984,5341184
brc100d,1059,303,174,121,225,15.106090,3.659880,666,41,18267,722,421.1739,421.1737,422.9310,6033408,5341184
brc100d,1060,298,171,105,233,14.383120,3.495380,842,41,17359,649,424.0439,424.0438,425.8011,6025216,5341184
brc100d,1061,314,209,170,218,16.794150,4.769580,295,26,24430,943,422.2449,422.2448,424.5879,0,5341184
brc100d,1062,272,184,90,347,10.042200,3.709070,805,51,13409,440,422.4876,422.4874,424.2447,5730304,5324800
brc100d,1063,133,375,233,181,16.747890,12.683030,334,42,23244,866,423.0856,423.0855,424.8427,6070272,5341184
brc100d,1064,88,329,306,154,43.427280,3.621020,862,19,21323,739,426.2033,426.2032,427.3747,6062080,5341184
brc100d,1065,260,159,97,369,9.174930,2.785050,858,29,8923,325,424.0440,424.0438,425.8011,5693440,5324800
brc100d,1066,123,278,241,167,17.069740,3.601740,367,35,21961,761,423.4998,423.4997,424.6711,6057984,5341184
brc100d,1067,70,229,313,217,13.637330,5.487370,350,25,18072,598,422.8307,422.8306,425.7595,0,5341184
brc100d,1068,136,311,231,171,15.431880,6.417320,516,35,22505,793,422.8724,422.8723,424.6295,6066176,5341184
brc100d,1069,128,343,298,132,14.842460,5.515810,1752,39,19616,558,426.2033,426.2032,427.3747,6053888,5341184
brc100d,1070,150,249,310,142,13.883800,5.727910,1158,21,19495,606,426.9312,426.9311,428.3452,6049792,5341184
brc100d,1071,148,274,251,153,13.633990,5.952840,575,32,20538,722,426.4998,426.4997,428.8427,6053888,5341184
brc100d,1072,332,171,145,212,14.631280,5.818150,539,22,20634,768,428.7180,428.7179,430.1320,6053888,5341184
brc100d,1073,100,240,299,168,14.946970,6.043720,1040,19,19942,667,428.7303,428.7302,430.4874,6049792,5341184
brc100d,1074,286,160,117,240,12.557830,5.680350,595,34,16830,724,426.8724,426.8722,428.0437,6021120,5341184
brc100d,1075,388,236,55,253,17.073530,4.039910,652,31,20430,815,427.9312,427.9311,428.5168,6049792,0
brc100d,1076,81,310,306,146,18.314760,3.775810,1073,19,21539,743,430.6469,430.6469,431.2325,6066176,5341184
brc100d,1077,147,213,300,177,16.149340,4.104300,1052,24,19314,669,430.2450,430.2449,431.4163,6045696,5341184
brc100d,1078,64,227,391,257,10.661560,2.802180,2063,38,10142,316,427.0317,427.0316,428.7889,5713920,5324800
brc100d,1079,60,226,316,218,15.265920,3.461920,320,23,17778,640,425.7303,425.7301,428.6589,6025216,5341184
brc100d,1080,310,194,54,265,16.105690,3.525760,729,45,18386,664,433.1739,433.1737,434.3452,6033408,5341184
brc100d,1081,358,218,66,218,18.846450,4.106890,422,37,21696,829,431.2449,431.2448,434.1737,6057984,5341184
brc100d,1082,248,184,126,317,11.699210,3.474820,495,48,12743,464,431.4582,431.4580,433.8011,5718016,5324800
brc100d,1083,67,230,343,201,49.668650,4.505640,731,40,16338,531,432.9312,432.9312,435.8600,5750784,5357568
brc100d,1084,148,250,302,139,16.230860,3.471220,1583,21,20572,624,430.8307,430.8306,432.5879,6062080,5341184
brc100d,1085,270,155,102,270,12.287380,3.689010,984,53,14561,582,432.5709,432.5707,435.4996,5738496,5341184
brc100d,1086,90,353,298,148,18.147590,3.611900,1347,23,21977,720,431.7597,431.7596,432.9310,6066176,5341184
brc100d,1087,327,163,98,223,15.424240,3.625500,837,40,17585,669,433.1739,433.1738,435.5168,6029312,5341184
brc100d,1088,372,250,58,207,19.441690,4.106760,578,39,22371,847,433.4165,433.4164,435.1737,6066176,5341184
brc100d,1089,105,225,319,163,15.793530,3.462790,620,19,18837,614,432.4165,432.4164,434.7595,6037504,5341184
brc100d,1090,240,181,118,293,11.752720,3.197130,752,47,12802,488,434.3577,434.3575,436.1148,5726208,5324800
brc100d,1091,63,210,337,216,13.319560,2.961120,628,29,14340,444,433.7891,433.7890,436.1320,5738496,5324800
brc100d,1092,316,183,61,266,15.874550,3.506000,531,36,18783,676,437.7891,437.7889,438.9604,6037504,5341184
brc100d,1093,74,245,426,265,10.909220,2.565230,1288,36,9803,312,437.0612,437.0611,438.2325,5705728,5324800
brc100d,1094,298,187,62,269,15.021210,3.503350,564,43,18255,680,437.8307,437.8306,439.0021,6033408,5341184
brc100d,1095,403,269,52,250,16.044400,5.098810,928,50,19269,751,438.4754,438.4753,439.0610,0,5341184
brc100d,1096,328,167,150,207,14.662930,6.214810,633,23,21561,812,437.5464,437.5463,438.7178,6062080,5341184
brc100d,1097,125,308,230,187,16.270300,5.957880,373,42,23704,854,436.2572,436.2570,438.0143,6074368,5341184
brc100d,1098,300,155,123,228,13.776320,5.815960,649,42,18355,757,438.1739,438.1737,439.9310,6033408,5341184
brc100d,1099,51,243,319,205,15.290330,5.697770,556,26,18644,689,435.3455,435.3453,437.1026,6037504,5341184
brc100d,1100,94,241,277,176,14.155910,5.535740,503,29,19641,685,438.6003,438.6003,440.9432,6041600,5341184
brc100d,1101,96,343,289,150,16.038490,6.437150,1201,24,21857,771,441.8307,441.8307,443.0021,6066176,5341184
brc100d,1102,296,142,101,278,12.298120,48.386630,446,52,16855,656,439.5587,439.5585,441.3158,6017024,5341184
brc100d,1103,93,243,311,158,14.062560,5.478230,931,15,19759,650,442.0023,442.0022,443.7595,6045696,5341184
brc100d,1104,308,167,89,244,13.940140,5.903420,406,42,18899,734,438.6591,438.6590,440.4163,6033408,5341184
brc100d,1105,335,176,78,249,15.662270,5.549680,432,39,19629,736,439.0023,439.0022,440.7595,6041600,5341184
brc100d,1106,257,152,144,250,12.321610,5.737660,434,42,17837,771,437.7425,437.7422,440.0854,6025216,5341184
brc100d,1107,354,187,66,243,15.702380,6.120130,535,40,19751,738,437.9312,437.9311,440.2742,6045696,5341184
brc100d,1108,52,245,324,197,14.045770,5.410800,564,26,18380,652,439.4460,439.4459,441.2031,6033408,5341184
brc100d,1109,87,354,300,139,16.000080,3.820050,1276,21,21856,719,440.7597,440.7596,441.3452,6066176,0
brc100d,1110,54,223,366,211,12.341600,3.015620,934,46,12365,437,441.5293,441.5291,444.4579,5722112,5324800
brc100d,1111,84,321,258,155,17.563690,3.847730,644,27,21084,785,445.1861,445.1860,446.9432,6057984,5341184
brc100d,1112,267,162,106,240,14.705360,3.705010,633,46,17534,691,444.5709,444.5707,447.4996,6029312,5341184
brc100d,1113,407,255,60,229,19.436010,3.997910,462,27,21124,806,443.5171,443.5169,445.2742,6053888,5341184
brc100d,1114,330,169,76,247,17.009240,4.297830,454,45,19476,724,445.1028,445.1027,446.8600,6041600,5341184
brc100d,1115,252,173,151,264,14.987910,4.380920,338,41,17771,760,442.7425,442.7423,445.6711,6025216,5341184
brc100d,1116,352,190,52,255,17.186320,4.140600,560,39,19682,743,443.0317,443.0316,444.7889,6045696,5341184
brc100d,1117,340,162,81,239,16.120270,3.701290,444,40,18821,724,445.4460,445.4458,447.7889,6033408,5341184
brc100d,1118,53,217,357,213,13.326240,3.003310,959,45,13130,457,442.2155,442.2154,445.1442,5726208,5324800
brc100d,1119,105,226,307,156,16.383420,3.959840,1113,18,19832,640,443.3871,443.3870,445.7300,6049792,5341184
brc100d,1120,65,233,358,189,14.050570,3.119850,1018,42,15404,485,445.6592,445.6591,448.5879,5746688,5324800
brc100d,1121,66,210,366,216,12.215370,2.935740,952,45,12065,393,445.7303,445.7302,448.6589,5718016,5324800
brc100d,1122,405,254,65,222,62.153490,4.077290,306,31,21896,837,446.8602,446.8600,448.6173,6057984,5341184
brc100d,1123,273,143,93,355,11.186040,3.115600,623,42,12040,443,447.3871,447.3869,449.1442,5718016,5324800
brc100d,1124,266,148,96,265,12.611690,3.587220,1258,52,15063,631,448.2278,448.2275,450.5706,5746688,5341184
brc100d,1125,52,217,310,213,16.867090,4.174880,327,28,18425,670,446.1151,446.1149,449.0437,6029312,5341184
brc100d,1126,57,212,350,210,13.413720,3.079650,938,45,14126,498,445.6592,445.6591,448.5879,5734400,5324800
brc100d,1127,111,310,226,175,17.254770,4.030080,513,34,22906,861,447.1861,447.1860,448.3574,6070272,5341184
brc100d,1128,137,255,237,169,14.433900,5.643710,426,35,22218,796,446.4998,446.4997,448.2569,0,5341184
brc100d,1129,373,233,56,201,18.548680,6.106410,598,35,22819,873,449.4582,449.4580,451.8011,6070272,5341184
brc100d,1130,299,196,57,229,14.878610,5.844670,464,42,20066,727,453.0145,453.0144,455.3574,6045696,5341184
brc100d,1131,60,228,413,273,10.250320,4.811310,843,39,12134,409,451.3455,451.3453,453.1026,5718016,5324800
brc100d,1132,123,239,258,150,14.672650,5.624760,750,33,20968,758,449.9141,449.9139,452.2569,6053888,5341184
brc100d,1133,130,339,229,168,15.832350,6.526640,420,38,22184,806,453.5293,453.5292,455.2864,6062080,5341184
brc100d,1134,52,202,387,266,9.296900,4.641550,804,40,10749,355,451.7597,451.7596,453.5168,5709824,5324800
brc100d,1135,131,228,297,138,14.104750,5.764530,1499,19,20643,668,451.3455,451.3453,452.5168,6057984,5341184
brc100d,1136,55,245,418,279,10.748840,4.756440,686,34,12894,447,453.8602,453.8601,455.0315,5726208,5324800
brc100d,1137,57,275,281,178,15.189710,6.094780,438,22,20644,777,451.1150,451.1150,452.8722,6049792,5341184
brc100d,1138,57,279,273,184,15.474660,5.592640,326,25,20938,782,452.6297,452.6297,454.3869,6049792,5341184
brc100d,1139,88,346,298,134,16.529820,5.600780,1458,22,22233,752,453.5881,453.5880,454.7595,6070272,5341184
brc100d,1140,53,203,365,217,10.075440,4.757610,920,45,12142,420,456.7008,456.7007,459.6295,5718016,5324800
brc100d,1141,313,146,92,232,13.244720,47.720030,601,46,18360,746,456.2450,456.2448,458.0021,6033408,5353472
brc100d,1142,225,174,102,371,7.200930,5.450570,861,27,8313,353,457.1861,457.1859,458.3574,5689344,5324800
brc100d,1143,114,242,254,148,15.294320,5.477790,734,33,21014,736,455.4704,455.4703,458.3990,6057984,5341184
brc100d,1144,58,262,299,177,15.830920,5.565270,803,18,21160,768,456.0734,456.0733,457.2447,6057984,5341184
brc100d,1145,137,230,300,131,14.384690,5.418790,1414,19,20605,665,455.1028,455.1027,456.2742,6057984,5341184
brc100d,1146,133,346,227,181,18.757070,4.062910,384,38,23211,838,455.1567,455.1566,456.9138,6070272,5341184
brc100d,1147,263,145,88,352,11.825440,3.102160,693,39,12023,439,454.8430,454.8427,457.1859,5718016,5324800
brc100d,1148,239,189,134,262,12.462630,3.605510,528,38,15691,648,453.9141,453.9138,456.2569,5746688,5341184
brc100d,1149,243,155,82,307,11.437930,3.165850,683,43,12693,465,456.2866,456.2864,457.4579,5722112,5324800
brc100d,1150,97,313,252,187,19.263690,4.769360,325,51,25278,993,460.5293,460.5291,462.2864,6086656,5341184
brc100d,1151,323,178,58,230,16.714010,3.698300,453,43,20189,764,459.6592,459.6591,462.0021,6045696,5341184
brc100d,1152,262,148,87,344,12.635600,3.410940,869,58,14162,523,459.8430,459.8427,462.1859,5734400,5341184
brc100d,1153,242,170,85,357,10.275140,3.072830,712,36,10928,399,461.3283,461.3281,463.0854,5709824,5324800
brc100d,1154,149,231,253,153,15.595600,3.752520,694,32,20259,743,459.4704,459.4703,461.8133,6049792,5341184
brc100d,1155,118,237,244,166,17.503690,3.986960,423,33,21856,816,460.8136,460.8134,462.5706,6057984,5341184
brc100d,1156,80,242,269,184,18.680300,3.699060,325,26,20963,741,457.7008,457.7007,460.0437,6049792,5341184
brc100d,1157,54,259,307,175,17.510410,3.988110,706,19,21142,761,459.4165,459.4164,460.5879,6057984,5341184
brc100d,1158,71,228,318,179,16.522790,3.449320,580,19,19327,635,459.0023,459.0022,461.3452,6041600,5341184
brc100d,1159,294,140,149,223,15.945150,4.048990,585,26,20435,845,460.5587,460.5585,461.7300,6049792,5341184
brc100d,1160,411,255,61,212,18.086380,4.098850,492,31,22483,848,464.1028,464.1027,465.8600,0,5341184
brc100d,1161,171,204,324,162,50.832210,3.483340,532,24,17827,603,462.4460,462.4458,464.2031,6033408,5341184
brc100d,1162,284,180,70,237,17.087860,3.745130,341,39,20311,785,463.2572,463.2570,466.1859,6045696,5341184
brc100d,1163,236,190,106,271,11.969020,3.465540,1070,52,14304,559,466.1273,466.1271,467.8843,5738496,5341184
brc100d,1164,238,188,126,253,13.371150,3.796000,503,35,16077,666,464.8136,464.8134,467.1564,5746688,5341184
brc100d,1165,274,141,84,340,11.490930,4.525090,768,59,15297,581,465.9435,465.9433,467.7006,0,5341184
brc100d,1166,56,203,340,202,13.375010,5.276580,565,41,17110,603,464.7303,464.7301,467.6589,6025216,5341184
brc100d,1167,58,279,303,151,16.006700,5.743080,1086,17,21718,754,463.4165,463.4164,464.5879,6066176,5341184
brc100d,1168,300,139,145,214,14.005570,6.002580,618,23,20561,852,466.4165,466.4164,467.5879,6053888,5341184
brc100d,1169,80,308,246,175,17.240860,5.960800,287,39,23213,865,463.4582,463.4581,465.2153,6070272,5341184
brc100d,1170,307,167,60,245,13.797370,5.510490,516,43,19538,746,468.4876,468.4875,470.2447,6045696,5341184
brc100d,1171,97,270,237,185,16.917890,6.120080,468,43,23877,873,470.1273,470.1272,471.8843,6074368,5341184
brc100d,1172,53,254,309,172,15.974550,5.769710,964,18,21182,757,467.0023,467.0023,468.1737,6057984,5341184
brc100d,1173,64,217,423,271,10.092030,4.648380,936,33,11848,378,469.8602,469.8600,471.6173,5718016,5324800
brc100d,1174,240,189,125,250,11.799790,5.482230,569,35,16253,680,468.3994,468.3991,470.7422,5750784,5341184
brc100d,1175,67,251,299,167,14.865490,3.880380,1072,19,21486,767,467.2866,467.2865,469.0437,6062080,0
brc100d,1176,303,162,171,208,18.217000,4.289150,326,20,23401,943,469.4876,469.4875,471.2447,6070272,5341184
brc100d,1177,159,212,289,147,15.895530,3.652280,1444,24,20772,711,470.7719,470.7718,471.9432,6057984,5341184
brc100d,1178,311,178,53,234,16.526510,4.261960,546,42,20127,730,467.3871,467.3870,469.1442,6049792,5341184
brc100d,1179,52,199,399,266,10.745350,2.676040,830,40,10798,355,466.7597,466.7596,468.5168,5709824,5324800
brc100d,1180,56,211,330,189,41.141080,13.551850,394,27,18531,639,469.4876,469.4875,472.4163,6033408,5353472
brc100d,1181,173,222,282,181,14.024420,4.506080,488,27,19407,708,471.0856,471.0855,474.0143,6037504,0
brc100d,1182,283,146,149,209,17.255860,4.137340,555,26,21182,894,473.1150,473.1148,474.2864,6057984,5341184
brc100d,1183,248,185,96,261,12.519460,3.512630,1207,56,14938,586,470.2989,470.2986,472.0559,5746688,5341184
brc100d,1184,60,268,308,150,17.805630,3.680260,1094,16,21668,769,472.5170,472.5169,473.6884,6066176,5341184
brc100d,1185,109,252,237,188,17.593390,4.028310,528,47,24320,926,473.2694,473.2693,475.6123,6082560,5341184
brc100d,1186,305,162,56,259,16.857660,3.698540,561,40,19418,764,472.4165,472.4164,473.5879,6041600,5341184
brc100d,1187,335,166,54,252,16.620660,3.625830,548,43,20049,743,471.2744,471.2743,472.4457,6049792,5341184
brc100d,1188,246,180,80,314,12.452500,3.208600,736,39,12853,466,470.9435,470.9433,473.2864,5726208,5324800
brc100d,1189,296,137,160,218,16.102340,4.107860,536,19,21620,888,472.2866,472.2864,474.0437,6062080,5341184
brc100d,1190,148,240,231,180,17.334680,3.797110,372,36,23078,850,476.6126,476.6125,478.3696,6070272,5341184
brc100d,1191,243,156,154,224,13.888670,5.021660,617,27,20767,885,477.2989,477.2986,479.0559,0,5341184
brc100d,1192,82,321,243,185,16.359730,5.939070,416,46,24229,929,477.2572,477.2571,479.0143,6078464,5341184
brc100d,1193,152,248,233,185,14.941350,5.858550,383,42,23664,864,473.8552,473.8551,476.1981,6074368,5341184
brc100d,1194,223,183,90,313,9.145950,5.069230,824,41,12600,482,475.7425,475.7423,476.9138,5722112,5324800
brc100d,1195,315,171,59,225,16.676130,6.356960,327,41,20662,798,474.5587,474.5585,476.9016,6049792,5341184
brc100d,1196,337,156,173,203,16.071830,6.035910,337,16,23356,902,473.7597,473.7595,476.6884,6070272,5341184
brc100d,1197,363,203,52,199,17.229680,5.970270,626,36,22489,845,473.1150,473.1149,476.0437,6066176,5341184
brc100d,1198,88,317,245,193,17.306880,6.068600,368,51,25257,958,476.7719,476.7718,478.5290,6086656,5341184
brc100d,1199,69,218,317,173,14.775730,49.515530,838,17,19901,635,476.2450,476.2449,479.1737,6045696,5341184
brc100d,1200,127,241,237,190,16.070810,6.249930,521,48,24570,947,478.8136,478.8134,481.1564,6082560,5341184
brc100d,1201,321,164,67,221,15.508470,5.718240,387,43,21236,827,479.7597,479.7596,482.1026,6053888,5341184
brc100d,1202,179,202,322,152,12.794980,5.443010,663,23,18123,622,482.1028,482.1027,483.8600,6033408,5341184
brc100d,1203,68,293,239,163,14.779430,5.705500,409,34,21508,820,478.4288,478.4287,480.1859,6057984,5341184
brc100d,1204,287,167,61,236,14.483370,6.078810,523,41,19922,773,479.4998,479.4997,481.2569,6045696,5341184
brc100d,1205,60,270,300,145,15.543730,3.664260,1092,18,21783,772,478.8307,478.8307,480.0021,6066176,0
brc100d,1206,59,269,306,141,18.413450,3.736300,1066,17,21811,771,481.7597,481.7596,482.9310,6066176,5341184
brc100d,1207,277,150,83,235,15.881290,3.776740,467,38,18755,789,481.0145,481.0144,483.3574,6033408,5341184
brc100d,1208,252,189,99,260,12.425370,3.508580,1265,54,14815,580,477.9557,477.9555,480.8843,5742592,5341184
brc100d,1209,223,186,125,245,14.073160,3.769500,574,35,16557,714,479.1983,479.1981,480.9554,6021120,5341184
brc100d,1210,220,184,91,325,12.087930,3.632710,592,51,13407,511,486.0562,486.0560,487.8133,5730304,5328896
brc100d,1211,136,233,226,179,16.825820,3.841100,417,36,23154,849,483.2278,483.2277,484.9848,6070272,5341184
brc100d,1212,55,223,341,164,16.453140,3.582200,597,36,19013,695,483.5587,483.5586,486.4874,6041600,5341184
brc100d,1213,249,182,133,221,14.472820,3.879480,525,35,18139,777,485.0146,485.0143,487.3574,6033408,5341184
brc100d,1214,222,181,86,316,11.774460,3.333960,621,49,13191,499,483.3993,483.3991,485.1564,5726208,5324800
brc100d,1215,52,215,293,184,17.064810,3.826110,645,20,20668,767,483.5709,483.5708,485.9138,6053888,5341184
brc100d,1216,246,178,125,222,14.127210,3.841250,629,37,18138,767,483.7425,483.7423,486.0854,6033408,5341184
brc100d,1217,61,221,282,183,17.375440,3.771400,407,23,20792,779,482.9141,482.9140,485.8427,6049792,5341184
brc100d,1218,104,250,222,183,17.497300,3.939000,407,38,23391,870,482.6542,482.6541,484.4113,6070272,5341184
brc100d,1219,279,159,52,263,57.962990,4.145020,564,43,18456,766,483.8430,483.8428,485.0143,6037504,5341184
brc100d,1220,154,217,239,158,15.982460,3.770700,509,34,21260,823,487.4704,487.4703,489.2275,6057984,5341184
brc100d,1221,101,240,239,178,17.400550,3.988840,332,36,23259,872,485.3699,485.3698,488.2986,6070272,5341184
brc100d,1222,255,153,152,205,15.509440,4.288830,609,25,21402,893,485.8846,485.8844,488.2275,6057984,5341184
brc100d,1223,55,249,297,159,17.263440,3.641160,1089,20,21647,775,487.2866,487.2865,489.0437,6066176,5341184
brc100d,1224,297,154,61,239,15.340180,5.600310,587,46,19882,784,487.1150,487.1149,488.8722,0,5341184
brc100d,1225,144,211,241,158,13.595980,5.775140,541,35,21213,815,487.3283,487.3282,489.0854,6057984,5341184
brc100d,1226,235,164,148,218,13.916010,6.206060,570,26,20456,882,487.9851,487.9849,489.7422,6049792,5341184
brc100d,1227,229,176,88,338,10.985270,5.683950,614,54,15092,577,487.9851,487.9850,489.7422,5742592,5341184
brc100d,1228,273,170,56,239,14.172610,6.057700,647,46,19846,776,487.2278,487.2276,489.5706,6045696,5341184
brc100d,1229,92,261,231,190,16.691660,5.869260,524,50,24187,908,486.3405,486.3404,488.6833,6082560,5341184
brc100d,1230,286,151,51,262,13.439010,5.834360,621,39,18733,776,490.9435,490.9433,492.7006,6037504,5341184
brc100d,1231,84,243,243,157,14.630250,5.562320,537,33,21282,769,491.2989,491.2988,493.6417,6057984,5341184
brc100d,1232,52,232,321,150,15.322980,5.628630,603,20,19966,708,493.0734,493.0733,494.8305,6049792,5341184
brc100d,1233,311,175,62,204,15.928570,4.137860,502,40,22409,846,491.9729,491.9727,494.3158,6062080,0
brc100d,1234,297,159,57,230,16.141350,3.754700,492,40,20090,777,489.8430,489.8428,492.1859,6045696,5341184
brc100d,1235,88,334,223,183,18.076540,3.983000,369,37,23364,857,492.8846,492.8845,494.6417,6070272,5341184
brc100d,1236,63,285,236,161,17.680330,4.634870,498,34,21304,807,490.6714,490.6713,492.4285,6053888,5341184
brc100d,1237,53,199,421,273,13.807450,2.798800,916,39,12223,403,491.2450,491.2448,493.0021,5718016,5324800
brc100d,1238,427,268,49,202,43.914440,14.933440,556,30,22545,890,493.8307,493.8306,495.5879,6070272,5361664
brc100d,1239,342,176,50,207,16.100260,5.399710,528,39,21501,818,489.2155,489.2154,492.1442,6062080,5341184
brc100d,1240,58,223,273,174,17.113280,4.318960,448,27,20855,796,494.8846,494.8845,497.8133,6049792,5341184
brc100d,1241,331,162,51,214,17.064150,3.734940,436,41,21032,793,495.3871,495.3870,497.7300,6053888,5341184
brc100d,1242,56,283,242,171,17.797630,4.106720,401,38,22423,840,495.4704,495.4703,497.2275,6062080,5341184
brc100d,1243,239,167,88,233,15.068950,3.752710,556,46,18429,747,493.7841,493.7839,496.1270,6037504,5341184
brc100d,1244,330,157,70,214,18.013560,4.105220,432,36,22489,880,494.5881,494.5880,496.9310,6062080,5341184
brc100d,1245,67,210,308,164,17.488660,3.406810,1035,18,20659,660,496.1445,496.1444,498.4874,6057984,5341184
brc100d,1246,65,217,306,161,16.892680,3.570290,1119,19,21000,672,493.8013,493.8012,496.1442,6062080,5341184
brc100d,1247,58,249,310,140,17.157120,3.883250,1138,18,21447,764,497.9018,497.9017,499.6589,6062080,5341184
brc100d,1248,134,227,222,184,16.544900,5.908500,392,39,23419,877,494.4705,494.4703,496.2275,0,5341184
brc100d,1249,285,161,52,235,14.956840,5.952020,556,42,20067,812,495.7425,495.7423,497.4996,6049792,5341184
brc100d,1250,62,233,267,162,14.676110,5.448150,555,30,21091,724,496.7841,496.7840,500.2986,6057984,5341184
brc100d,1251,65,293,248,190,17.343790,6.632720,358,48,25030,984,498.8430,498.8429,500.6001,6082560,5341184
brc100d,1252,63,212,279,174,15.291720,5.571700,501,24,20549,700,497.8136,497.8135,500.7422,6049792,5341184
brc100d,1253,96,242,231,181,15.511000,6.078770,364,36,23113,844,498.0979,498.0978,501.6123,6070272,5341184
brc100d,1254,293,170,62,209,15.314630,5.808440,512,45,21919,810,499.4287,499.4286,501.7716,6062080,5341184
brc100d,1255,328,155,65,211,15.712740,6.266600,437,42,22008,861,498.3455,498.3453,500.6884,6057984,5341184
brc100d,1256,71,227,292,151,15.280090,5.616420,1285,20,21621,713,498.7719,498.7718,501.1148,6066176,5341184
brc100d,1257,239,160,81,249,13.281350,48.509010,424,39,19317,814,499.5415,499.5413,501.8843,6037504,5341184
brc100d,1258,56,205,293,178,14.761270,5.704050,773,20,20939,763,497.9141,497.9139,500.2569,6053888,5341184
brc100d,1259,62,276,255,170,16.276140,5.826260,281,33,23598,904,498.3283,498.3282,501.2569,6074368,5345280
brc100d,1260,69,213,273,170,14.458930,5.923480,490,24,20668,706,503.6420,503.6419,506.5706,6049792,5341184
brc100d,1261,81,244,248,178,17.440570,6.153630,304,33,23604,861,503.2989,503.2988,506.2275,6074368,5341184
brc100d,1262,337,161,63,204,18.272010,4.036840,427,36,22609,838,503.0734,503.0733,506.0021,6066176,5341184
brc100d,1263,104,234,221,183,17.241930,3.882810,460,38,23413,856,501.9973,501.9973,504.3402,6070272,5341184
brc100d,1264,53,260,296,133,17.588020,3.789810,1430,18,22304,782,505.3871,505.3870,506.5584,6070272,5341184
brc100d,1265,295,174,48,204,17.415640,3.821940,539,43,21372,801,505.3993,505.3991,507.7422,6057984,5341184
brc100d,1266,80,250,238,159,16.251410,3.732350,504,33,21332,769,502.3699,502.3698,505.2986,6053888,5341184
brc100d,1267,91,240,247,188,19.880170,4.029860,379,49,24795,925,502.0562,502.0561,504.9848,6082560,5341184
brc100d,1268,247,157,70,247,15.660540,3.884950,496,42,19423,791,502.9557,502.9555,505.2986,6037504,5341184
brc100d,1269,235,161,81,247,16.141830,3.916590,448,42,19184,811,502.2989,502.2986,504.6417,6037504,5341184
brc100d,1270,61,205,277,178,16.804260,3.769560,426,26,20827,784,505.9851,505.9850,508.9138,6049792,5341184
brc100d,1271,229,167,153,206,15.758510,4.441460,575,25,21324,919,509.2989,509.2986,511.0559,6057984,5341184
brc100d,1272,53,249,280,149,16.037860,5.794250,522,22,22566,827,509.2572,509.2571,511.6001,0,5341184
brc100d,1273,103,225,252,190,17.996920,6.085080,384,54,25967,1001,505.6125,505.6125,509.7128,6090752,5341184
brc100d,1274,232,170,60,276,12.009710,5.558250,710,56,16829,671,508.6420,508.6418,510.3990,6021120,5341184
brc100d,1275,94,228,242,188,16.311220,6.021580,428,48,24576,908,506.0979,506.0977,509.0265,6082560,5341184
brc100d,1276,317,167,51,200,15.646400,35.197720,700,44,22099,864,506.0440,506.0438,508.3869,6066176,5341184
brc100d,1277,145,221,220,184,21.279740,4.324040,507,39,23471,883,507.0268,507.0267,508.7838,6078464,5341184
brc100d,1278,269,148,55,260,13.891490,5.847820,559,35,19225,798,508.6420,508.6418,511.2864,6041600,5341184
brc100d,1279,246,188,60,285,10.723850,5.402290,688,52,14798,549,505.9851,505.9849,508.3280,5738496,5341184
brc100d,1280,151,208,239,187,15.794630,6.040490,490,46,24293,959,512.9557,512.9556,515.2986,6078464,5341184
brc100d,1281,65,206,304,155,16.311310,5.377650,1118,19,20985,686,511.6298,511.6297,513.9727,6057984,5341184
brc100d,1282,265,165,64,218,14.394060,6.040130,377,43,21193,839,509.1273,509.1271,512.0559,6053888,5341184
brc100d,1283,61,209,312,152,15.195540,5.635640,1051,20,20656,726,509.9729,509.9728,512.3158,6057984,5341184
brc100d,1284,55,202,314,160,14.959030,6.777360,809,19,20420,721,510.6298,510.6297,512.9727,6049792,5341184
brc100d,1285,57,220,307,145,15.380650,3.821900,1094,19,21130,762,509.7008,509.7007,512.0437,6062080,0
brc100d,1286,167,206,239,160,15.361380,3.727560,513,34,21242,827,510.0562,510.0561,512.3990,6057984,5341184
brc100d,1287,53,258,260,145,18.120000,3.896460,657,29,21877,819,513.2278,513.2277,515.5706,6062080,5345280
brc100d,1288,48,201,323,161,17.942710,3.777840,595,19,19626,694,509.8013,509.8012,512.1442,6045696,5341184
brc100d,1289,267,163,53,224,16.029910,3.746210,440,38,20232,782,508.5121,508.5118,512.6122,6045696,5341184
brc100d,1290,316,158,55,199,17.784430,3.956530,622,41,22479,865,514.8013,514.8011,517.1442,6066176,5341184
brc100d,1291,51,253,260,148,16.913280,3.779400,655,29,21684,822,516.0562,516.0562,518.3990,6062080,5345280
brc100d,1292,79,239,240,184,18.362430,3.929270,381,42,23901,875,513.3699,513.3699,516.2986,6074368,5341184
brc100d,1293,232,164,164,209,16.534960,4.408450,380,18,22955,993,514.4704,514.4702,516.8133,6066176,5341184
brc100d,1294,58,271,251,184,20.056650,4.048140,390,48,24820,973,517.2277,517.2277,519.5706,6082560,5345280
brc100d,1295,51,203,286,167,17.091800,3.852410,776,23,20931,771,515.8845,515.8845,518.2275,6053888,5341184
brc100d,1296,60,229,275,153,60.577980,3.966710,341,37,23207,867,515.0978,515.0977,519.7838,6070272,5341184
brc100d,1297,301,146,67,212,17.520170,3.971430,433,42,22013,890,515.0439,515.0438,517.3868,6062080,5341184
brc100d,1298,59,282,225,183,18.084210,3.927650,351,37,23304,863,515.4409,515.4409,517.1981,6070272,5341184
brc100d,1299,247,153,61,249,17.437150,4.012250,543,41,19793,835,514.4409,514.4408,516.7838,6045696,5341184
brc100d,1300,53,206,320,147,14.371880,5.428580,620,17,19983,703,517.9728,517.9728,520.3158,0,5341184
brc100d,1301,282,168,52,201,16.805970,6.411560,602,45,21904,866,518.1272,518.1271,520.4702,6062080,5341184
brc100d,1302,238,163,174,205,15.949540,6.868770,339,20,23384,988,518.8846,518.8844,521.2275,6070272,5341184
brc100d,1303,249,187,56,272,12.509840,5.479510,712,56,17199,675,519.2277,519.2275,521.5706,6025216,5341184
brc100d,1304,55,226,279,144,15.086500,5.584800,1126,25,22242,810,517.7130,517.7129,520.6417,6070272,5341184
brc100d,1305,57,237,256,147,14.937250,6.061730,674,29,21517,820,518.8552,518.8551,521.7838,6062080,5341184
brc100d,1306,63,219,261,158,14.386810,5.637800,629,28,21064,721,517.1983,517.1982,520.7128,6057984,5341184
brc100d,1307,275,144,60,227,14.240030,6.026330,328,38,20522,856,518.6419,518.6418,521.5706,6049792,5341184
brc100d,1308,65,237,251,173,16.435030,3.831230,291,33,23294,813,518.1984,518.1982,521.7128,6070272,0
brc100d,1309,54,208,267,167,17.985930,3.986760,487,25,20830,792,520.4409,520.4409,523.3696,6049792,5341184
brc100d,1310,306,135,64,213,16.854500,4.027080,467,44,21750,909,524.2155,524.2154,526.5584,6057984,5341184
brc100d,1311,260,156,61,218,16.742850,4.260510,373,44,20986,832,521.4409,521.4408,524.9554,6049792,5341184
brc100d,1312,61,227,259,146,17.693680,3.806550,656,29,21744,814,522.8552,522.8551,526.3696,6062080,5341184
brc100d,1313,239,186,58,270,15.062740,4.114010,648,49,17724,703,522.7129,522.7129,525.0559,6029312,5341184
brc100d,1314,66,235,237,165,17.511390,3.596220,387,34,21758,767,522.6125,522.6124,525.5412,6057984,5341184
brc100d,1315,78,239,230,189,59.180100,3.810630,417,47,23945,888,523.5119,523.5120,526.4407,6074368,5341184
brc100d,1316,57,223,270,155,17.882910,3.927850,325,32,22665,845,519.9262,519.9261,524.6122,6066176,5341184
brc100d,1317,262,150,67,220,17.076380,4.108560,397,43,21165,859,522.1272,522.1271,525.6417,6053888,5341184
brc100d,1318,65,215,258,158,16.376780,3.680150,507,28,20861,722,521.6124,521.6124,525.1270,6049792,5341184
brc100d,1319,58,202,319,142,16.837040,4.255690,489,17,19778,706,525.3160,525.3159,527.6589,6041600,5341184
brc100d,1320,65,234,237,175,17.445040,3.733760,370,33,22693,791,528.1686,528.1688,531.6833,6066176,5341184
brc100d,1321,51,257,237,170,17.116000,4.437140,379,35,22266,872,526.3697,526.3698,528.1270,6062080,5345280
brc100d,1322,247,178,57,245,15.280890,3.786980,585,43,19458,794,528.1273,528.1271,531.0559,6045696,5341184
brc100d,1323,305,143,56,204,17.460670,4.165800,564,44,21979,900,528.9434,528.9433,531.2864,6062080,5341184
brc100d,1324,53,201,321,143,14.655220,5.524030,592,18,19820,701,526.5586,526.5586,528.9016,0,5341184
brc100d,1325,56,266,239,186,17.490940,5.921680,406,46,24048,950,527.5414,527.5414,529.8843,6074368,5345280
brc100d,1326,238,171,64,233,13.959100,5.819370,398,40,20204,816,526.9261,526.9260,529.8549,6045696,5341184
brc100d,1327,169,219,235,176,14.381430,6.001480,404,34,22805,873,527.9260,527.9261,530.8549,6066176,5341184
brc100d,1328,249,173,54,247,13.828670,5.819660,539,43,19733,801,526.1272,526.1271,529.0559,6045696,5341184
brc100d,1329,301,143,51,208,14.990550,6.155550,436,44,21275,849,528.6713,528.6711,531.0143,6053888,5341184
brc100d,1330,301,142,59,204,15.473280,6.171600,539,42,22218,893,530.3576,530.3575,532.7006,6066176,5341184
brc100d,1331,60,262,247,190,17.428040,6.071970,359,51,24983,992,530.5709,530.5708,532.9138,6082560,5345280
brc100d,1332,241,178,61,234,13.646310,6.100170,485,43,19862,788,531.1686,531.1687,534.6833,6041600,5341184
brc100d,1333,250,183,62,241,13.890250,5.888590,558,44,19566,788,530.1981,530.1981,533.1270,6045696,5341184
brc100d,1334,56,231,237,168,14.949320,48.618010,377,35,22050,870,533.1687,533.1688,535.5118,6062080,5341184
brc100d,1335,60,231,235,162,14.308600,5.853090,408,34,21421,837,529.8552,529.8551,532.7838,6053888,5341184
brc100d,1336,62,228,244,174,15.721350,5.835690,351,38,22987,799,531.5118,531.5119,535.0265,6066176,5341184
brc100d,1337,53,250,246,176,16.056450,6.515010,292,36,23301,903,531.8845,531.8845,534.2275,6070272,5345280
brc100d,1338,51,241,250,173,15.854150,6.247710,283,36,23144,889,529.5414,529.5414,532.4702,6070272,5341184
brc100d,1339,263,156,52,213,16.048550,3.907720,364,43,20878,825,529.7545,529.7545,533.2691,6049792,5341184
brc100d,1340,57,261,247,191,18.815860,4.142570,362,49,25088,1000,533.8135,533.8135,536.1564,6086656,5345280
brc100d,1341,275,153,63,211,16.468260,4.422330,468,45,21707,901,531.8551,531.8550,536.5412,6057984,5341184
brc100d,1342,271,152,53,214,16.284000,3.998290,347,44,20873,864,533.1687,533.1687,537.8549,6049792,5341184
brc100d,1343,64,237,250,186,19.031200,4.219850,377,50,24898,905,532.8551,532.8550,536.3696,6082560,5341184
brc100d,1344,230,190,73,251,15.715810,3.958960,460,40,19584,822,533.6539,533.6539,536.5828,6041600,5341184
brc100d,1345,68,235,244,186,18.627340,4.004170,425,46,24356,886,534.0267,534.0267,537.5412,6078464,5341184
brc100d,1346,169,224,241,180,17.887600,3.840720,317,39,23473,908,533.8549,533.8551,537.3696,6070272,5341184
brc100d,1347,61,240,230,177,17.311250,4.063360,385,33,22904,887,535.1685,535.1688,537.5118,6066176,5341184
brc100d,1348,247,176,51,241,16.151010,3.986870,667,44,19803,795,533.7841,533.7839,536.7128,6045696,5341184
brc100d,1349,63,206,254,157,14.885420,5.821890,502,30,20945,728,535.8547,535.8549,538.7838,0,5341184
brc100d,1350,174,221,231,183,15.905760,6.413300,354,39,23304,894,540.0679,540.0682,543.5828,6070272,5341184
brc100d,1351,235,168,65,224,14.143160,5.937730,312,44,20770,856,537.2692,537.2692,540.1981,6049792,5341184
brc100d,1352,67,209,270,147,16.445870,5.647410,353,32,22990,774,537.4996,537.4997,540.4285,6066176,5341184
brc100d,1353,51,214,269,149,16.367090,36.543590,310,34,22984,858,538.4113,538.4113,542.2275,6066176,5341184
brc100d,1354,57,207,275,147,20.517820,4.564000,415,25,22732,817,538.6417,538.6418,541.5706,6070272,5341184
brc100d,1355,243,157,69,214,15.020850,6.086580,441,42,22091,908,538.0267,538.0265,540.9554,6062080,5341184
brc100d,1356,54,207,277,145,16.007240,5.690490,477,24,22470,810,538.7126,538.7129,541.6417,6062080,5341184
brc100d,1357,252,185,58,248,14.593040,5.894900,562,42,19729,812,536.6125,536.6124,540.1270,6045696,5341184
brc100d,1358,57,255,229,184,15.389870,5.821420,355,39,23303,908,540.2689,540.2693,542.6122,6070272,5345280
brc100d,1359,55,233,232,171,15.378940,5.955320,429,35,22412,876,539.5828,539.5830,541.9260,6062080,5341184
